2021-03-23T20:53:47.813237,BrokenClouds,0.0027384784391122964
2021-03-23T20:53:52.822135,Rain,0.0018256522927415314
2021-03-23T20:53:57.804412,Snow,0.003651304585483063
2021-03-23T20:54:02.808350,ScatteredClouds,0.003651304585483063
2021-03-23T20:54:07.810621,Thunderstorm,9.128261463707657E-5
2021-03-23T20:54:12.816337,ShowerRain,9.128261463707657E-4
2021-03-23T20:54:17.821358,ClearSky,0.009128261463707656
2021-03-23T20:54:22.812352,ScatteredClouds,0.003651304585483063
2021-03-23T20:54:27.812273,Mist,4.5641307318538285E-4
2021-03-23T20:54:32.804206,ShowerRain,9.128261463707657E-4
2021-03-23T20:54:37.810757,ClearSky,0.009128261463707656
2021-03-23T20:54:42.815207,Snow,0.003651304585483063
2021-03-23T20:54:47.806444,Rain,0.0018256522927415314
2021-03-23T20:54:52.812410,ShowerRain,9.128261463707657E-4
2021-03-23T20:54:57.804786,Snow,0.003651304585483063
2021-03-23T20:55:02.817327,Rain,0.0018256522927415314
2021-03-23T20:55:07.808613,Thunderstorm,9.128261463707657E-5
2021-03-23T20:55:12.815093,FewClouds,0.007302609170966126
2021-03-23T20:55:17.806659,Mist,4.5641307318538285E-4
2021-03-23T20:55:22.812819,ClearSky,0.009128261463707656
2021-03-23T20:55:27.815678,ClearSky,0.009128261463707656
2021-03-23T20:55:32.811383,FewClouds,0.007302609170966126
2021-03-23T20:55:37.806933,Rain,0.0018256522927415314
2021-03-23T20:55:42.806036,ShowerRain,9.128261463707657E-4
2021-03-23T20:55:47.804142,Mist,4.5641307318538285E-4
2021-03-23T20:55:52.813388,BrokenClouds,0.0027384784391122964
2021-03-23T20:55:57.809078,Rain,0.0018256522927415314
2021-03-23T20:56:02.809203,ShowerRain,9.128261463707657E-4
2021-03-23T20:56:07.804356,Rain,0.0018256522927415314
2021-03-23T20:56:12.809123,Rain,0.0018256522927415314
2021-03-23T20:56:17.811442,BrokenClouds,0.0027384784391122964
2021-03-23T20:56:22.803602,Thunderstorm,9.128261463707657E-5
2021-03-23T20:56:27.814121,BrokenClouds,0.0027384784391122964
2021-03-23T20:56:32.803200,ClearSky,0.009128261463707656
2021-03-23T20:56:37.802397,Snow,0.003651304585483063
2021-03-23T20:56:42.814309,Rain,0.0018256522927415314
2021-03-23T20:56:47.811408,ClearSky,0.009128261463707656
2021-03-23T20:56:52.810806,BrokenClouds,0.0027384784391122964
2021-03-23T20:56:57.811335,ShowerRain,9.128261463707657E-4
2021-03-23T20:57:02.821061,Rain,0.0018256522927415314
2021-03-23T20:57:07.820067,Rain,0.0018256522927415314
2021-03-23T20:57:12.805603,FewClouds,0.007302609170966126
2021-03-23T20:57:17.807488,ShowerRain,9.128261463707657E-4
2021-03-23T20:57:22.802314,FewClouds,0.007302609170966126
2021-03-23T20:57:27.813357,Snow,0.003651304585483063
2021-03-23T20:57:32.808361,Thunderstorm,9.128261463707657E-5
2021-03-23T20:57:37.803528,Thunderstorm,9.128261463707657E-5
2021-03-23T20:57:42.816776,ShowerRain,9.128261463707657E-4
2021-03-23T20:57:47.801839,Thunderstorm,9.128261463707657E-5
2021-03-23T20:57:52.812282,FewClouds,0.007302609170966126
2021-03-23T20:57:57.811289,FewClouds,0.007302609170966126
2021-03-23T20:58:02.814279,ClearSky,0.009128261463707656
2021-03-23T20:58:07.806325,BrokenClouds,0.0027384784391122964
2021-03-23T20:58:12.810200,Thunderstorm,9.128261463707657E-5
2021-03-23T20:58:17.805977,ScatteredClouds,0.003651304585483063
2021-03-23T20:58:22.813360,FewClouds,0.007302609170966126
2021-03-23T20:58:27.798653,ScatteredClouds,0.003651304585483063
2021-03-23T20:58:32.808342,Snow,0.003651304585483063
2021-03-23T20:58:37.800915,Mist,4.5641307318538285E-4
2021-03-23T20:58:42.809107,ClearSky,0.009128261463707656
2021-03-23T20:58:47.813957,Rain,0.0018256522927415314
2021-03-23T20:58:52.806347,ClearSky,0.009128261463707656
2021-03-23T20:58:57.808347,Mist,4.5641307318538285E-4
2021-03-23T20:59:02.814335,ScatteredClouds,0.003651304585483063
2021-03-23T20:59:07.814314,BrokenClouds,0.0027384784391122964
2021-03-23T20:59:12.808375,ShowerRain,9.128261463707657E-4
2021-03-23T20:59:17.815403,Rain,0.0018256522927415314
2021-03-23T20:59:22.801512,Mist,4.5641307318538285E-4
2021-03-23T20:59:27.802470,Snow,0.003651304585483063
2021-03-23T20:59:32.805895,Rain,0.0018256522927415314
2021-03-23T20:59:37.807532,Thunderstorm,9.128261463707657E-5
2021-03-23T20:59:42.807339,ShowerRain,9.128261463707657E-4
2021-03-23T20:59:47.803282,ShowerRain,9.128261463707657E-4
2021-03-23T20:59:52.807343,FewClouds,0.007302609170966126
2021-03-23T20:59:57.810444,Snow,0.003651304585483063
2021-03-23T21:00:02.802325,ShowerRain,0.0
2021-03-23T21:00:07.808297,Thunderstorm,0.0
2021-03-23T21:00:12.805330,Mist,0.0
2021-03-23T21:00:17.816616,Snow,0.0
2021-03-23T21:00:22.799339,BrokenClouds,0.0
2021-03-23T21:00:27.804304,Snow,0.0
2021-03-23T21:00:32.805456,ShowerRain,0.0
2021-03-23T21:00:37.813996,Rain,0.0
2021-03-23T21:00:42.806146,Snow,0.0
2021-03-23T21:00:47.813332,Rain,0.0
2021-03-23T21:00:52.811891,ScatteredClouds,0.0
2021-03-23T21:00:57.810344,ScatteredClouds,0.0
2021-03-23T21:01:02.804429,Thunderstorm,0.0
2021-03-23T21:01:07.805871,Mist,0.0
2021-03-23T21:01:12.806125,ScatteredClouds,0.0
2021-03-23T21:01:17.800303,FewClouds,0.0
2021-03-23T21:01:22.814363,ShowerRain,0.0
2021-03-23T21:01:27.810476,ShowerRain,0.0
2021-03-23T21:01:32.799256,ClearSky,0.0
2021-03-23T21:01:37.807292,ShowerRain,0.0
2021-03-23T21:01:42.812588,ScatteredClouds,0.0
2021-03-23T21:01:47.802180,ClearSky,0.0
2021-03-23T21:01:52.810837,Thunderstorm,0.0
2021-03-23T21:01:57.805564,Thunderstorm,0.0
2021-03-23T21:02:02.810386,BrokenClouds,0.0
2021-03-23T21:02:07.808373,FewClouds,0.0
2021-03-23T21:02:12.807383,ClearSky,0.0
2021-03-23T21:02:17.868381,ScatteredClouds,0.0
2021-03-23T21:02:22.808292,Mist,0.0
2021-03-23T21:02:27.806317,Thunderstorm,0.0
2021-03-23T21:02:32.812573,Thunderstorm,0.0
2021-03-23T21:02:37.800897,Mist,0.0
2021-03-23T21:02:42.809327,BrokenClouds,0.0
2021-03-23T21:02:47.814529,ClearSky,0.0
2021-03-23T21:02:52.807570,ShowerRain,0.0
2021-03-23T21:02:57.808277,ShowerRain,0.0
2021-03-23T21:03:02.801979,ClearSky,0.0
2021-03-23T21:03:07.800583,FewClouds,0.0
2021-03-23T21:03:12.805087,ClearSky,0.0
2021-03-23T21:03:17.803256,ScatteredClouds,0.0
2021-03-23T21:03:22.800991,Mist,0.0
2021-03-23T21:03:27.797281,Mist,0.0
2021-03-23T21:03:32.806325,BrokenClouds,0.0
2021-03-23T21:03:37.807367,FewClouds,0.0
2021-03-23T21:03:42.811699,Mist,0.0
2021-03-23T21:03:47.810832,Mist,0.0
2021-03-23T21:03:52.813008,Thunderstorm,0.0
2021-03-23T21:03:57.807520,BrokenClouds,0.0
2021-03-23T21:04:02.810284,Snow,0.0
2021-03-23T21:04:07.862552,Thunderstorm,0.0
2021-03-23T21:04:12.810323,ShowerRain,0.0
2021-03-23T21:04:17.803291,FewClouds,0.0
2021-03-23T21:04:22.814344,Thunderstorm,0.0
2021-03-23T21:04:27.806505,ShowerRain,0.0
2021-03-23T21:04:32.809300,FewClouds,0.0
2021-03-23T21:04:37.802349,Rain,0.0
2021-03-23T21:04:42.810864,ScatteredClouds,0.0
2021-03-23T21:04:47.822215,BrokenClouds,0.0
2021-03-23T21:04:52.804435,Mist,0.0
2021-03-23T21:04:57.812543,BrokenClouds,0.0
2021-03-23T21:05:02.798339,Thunderstorm,0.0
2021-03-23T21:05:07.800308,FewClouds,0.0
2021-03-23T21:05:12.808502,ScatteredClouds,0.0
2021-03-23T21:05:17.809325,ShowerRain,0.0
2021-03-23T21:05:22.798321,FewClouds,0.0
2021-03-23T21:05:27.805927,ClearSky,0.0
2021-03-23T21:05:32.810163,ShowerRain,0.0
2021-03-23T21:05:37.809865,ShowerRain,0.0
2021-03-23T21:05:42.801298,Snow,0.0
2021-03-23T21:05:47.805356,FewClouds,0.0
2021-03-23T21:05:52.812379,ClearSky,0.0
2021-03-23T21:05:57.798788,Mist,0.0
2021-03-23T21:06:02.811300,Snow,0.0
2021-03-23T21:06:07.802018,Thunderstorm,0.0
2021-03-23T21:06:12.806690,ScatteredClouds,0.0
2021-03-23T21:06:17.814176,ScatteredClouds,0.0
2021-03-23T21:06:22.805092,FewClouds,0.0
2021-03-23T21:06:27.802674,ClearSky,0.0
2021-03-23T21:06:32.808321,Thunderstorm,0.0
2021-03-23T21:06:37.809985,Snow,0.0
2021-03-23T21:06:42.812541,FewClouds,0.0
2021-03-23T21:06:47.802352,ShowerRain,0.0
2021-03-23T21:06:52.811344,ShowerRain,0.0
2021-03-23T21:06:57.806788,ClearSky,0.0
2021-03-23T21:07:02.801038,ScatteredClouds,0.0
2021-03-23T21:07:07.805810,BrokenClouds,0.0
2021-03-23T21:07:12.798083,Mist,0.0
2021-03-23T21:07:17.812859,ScatteredClouds,0.0
2021-03-23T21:07:22.805403,ShowerRain,0.0
2021-03-23T21:07:27.807898,Mist,0.0
2021-03-23T21:07:32.809313,Rain,0.0
2021-03-23T21:07:37.805727,Rain,0.0
2021-03-23T21:07:42.798563,ClearSky,0.0
2021-03-23T21:07:47.796278,ScatteredClouds,0.0
2021-03-23T21:07:52.808897,Thunderstorm,0.0
2021-03-23T21:07:57.802508,Snow,0.0
2021-03-23T21:08:02.801507,FewClouds,0.0
2021-03-23T21:08:07.815333,Mist,0.0
2021-03-23T21:08:12.805534,Snow,0.0
2021-03-23T21:08:17.802297,ScatteredClouds,0.0
2021-03-23T21:08:22.799559,ScatteredClouds,0.0
2021-03-23T21:08:27.804316,Rain,0.0
2021-03-23T21:08:32.808282,ClearSky,0.0
2021-03-23T21:08:37.804909,BrokenClouds,0.0
2021-03-23T21:08:42.810314,Thunderstorm,0.0
2021-03-23T21:08:47.799890,FewClouds,0.0
2021-03-23T21:08:52.812313,ScatteredClouds,0.0
2021-03-23T21:08:57.806704,BrokenClouds,0.0
2021-03-23T21:09:02.804349,Rain,0.0
2021-03-23T21:09:07.807288,BrokenClouds,0.0
2021-03-23T21:09:12.809186,Mist,0.0
2021-03-23T21:09:26.331863,ClearSky,0.0
2021-03-23T21:09:31.189130,BrokenClouds,0.0
2021-03-23T21:09:36.191332,Thunderstorm,0.0
2021-03-23T21:09:41.187978,FewClouds,0.0
2021-03-23T21:09:46.183349,Snow,0.0
2021-03-23T21:09:51.184373,Mist,0.0
2021-03-23T21:09:56.187412,ClearSky,0.0
2021-03-23T21:10:01.187658,Snow,0.0
2021-03-23T21:10:06.186142,BrokenClouds,0.0
2021-03-23T21:10:11.180315,Rain,0.0
2021-03-23T21:10:16.180370,Thunderstorm,0.0
2021-03-23T21:10:21.180216,ClearSky,0.0
2021-03-23T21:10:26.187342,Mist,0.0
2021-03-23T21:10:31.174586,Thunderstorm,0.0
2021-03-23T21:10:36.177871,ScatteredClouds,0.0
2021-03-23T21:10:41.174313,Rain,0.0
2021-03-23T21:10:46.178316,ScatteredClouds,0.0
2021-03-23T21:10:58.836194,ClearSky,0.0
2021-03-23T21:11:03.653436,ShowerRain,0.0
2021-03-23T21:11:08.650291,ClearSky,0.0
2021-03-23T21:11:13.664151,ShowerRain,0.0
2021-03-23T21:11:18.656478,Rain,0.0
2021-03-23T21:11:23.654938,ScatteredClouds,0.0
2021-03-23T21:11:33.974395,Mist,0.0
2021-03-23T21:11:38.811663,Snow,0.0
2021-03-23T21:11:43.812242,ClearSky,0.0
2021-03-23T21:11:48.806653,Rain,0.0
2021-03-23T21:11:53.797571,Thunderstorm,0.0
2021-03-23T21:11:58.809494,Thunderstorm,0.0
2021-03-23T21:12:03.802676,FewClouds,0.0
2021-03-23T21:12:08.807829,FewClouds,0.0
2021-03-23T21:12:13.802317,Mist,0.0
2021-03-23T21:12:18.808628,Rain,0.0
2021-03-23T21:12:23.796344,Mist,0.0
2021-03-23T21:12:28.803320,Mist,0.0
2021-03-23T21:12:33.805822,ShowerRain,0.0
2021-03-23T21:12:38.801741,FewClouds,0.0
2021-03-23T21:12:43.804477,BrokenClouds,0.0
2021-03-23T21:12:48.788996,Rain,0.0
2021-03-23T21:12:53.806662,ScatteredClouds,0.0
2021-03-23T21:12:58.794622,Rain,0.0
2021-03-23T21:13:03.792263,BrokenClouds,0.0
2021-03-23T21:13:08.795443,Mist,0.0
2021-03-23T21:13:13.804817,ScatteredClouds,0.0
2021-03-23T21:13:18.796205,ShowerRain,0.0
2021-03-23T21:13:23.805758,ShowerRain,0.0
2021-03-23T21:13:28.805373,Snow,0.0
2021-03-23T21:13:40.027479,Rain,0.0
2021-03-23T21:13:44.849105,Mist,0.0
2021-03-23T21:13:49.860465,ShowerRain,0.0
2021-03-23T21:13:54.844893,ShowerRain,0.0
2021-03-23T21:13:59.846836,Rain,0.0
2021-03-23T21:14:04.847509,Mist,0.0
2021-03-23T21:14:09.846330,FewClouds,0.0
2021-03-23T21:14:14.843361,Thunderstorm,0.0
2021-03-23T21:14:19.848340,FewClouds,0.0
2021-03-23T21:14:24.856535,BrokenClouds,0.0
2021-03-23T21:14:29.851182,BrokenClouds,0.0
2021-03-23T21:14:34.845504,ClearSky,0.0
2021-03-23T21:14:39.844492,Mist,0.0
2021-03-23T21:14:44.848494,Thunderstorm,0.0
2021-03-23T21:14:49.849454,ScatteredClouds,0.0
2021-03-23T21:14:54.848311,ScatteredClouds,0.0
2021-03-23T21:14:59.844288,Mist,0.0
2021-03-23T21:15:04.843274,Snow,0.0
2021-03-23T21:15:09.851315,Rain,0.0
2021-03-23T21:15:14.843460,ScatteredClouds,0.0
2021-03-23T21:15:19.845504,ShowerRain,0.0
2021-03-23T21:15:24.858988,Snow,0.0
2021-03-23T21:15:29.845870,Snow,0.0
2021-03-23T21:15:34.856594,ClearSky,0.0
2021-03-23T21:15:39.850314,Mist,0.0
2021-03-23T21:15:44.857319,ClearSky,0.0
2021-03-23T21:15:49.845515,Thunderstorm,0.0
2021-03-23T21:15:54.847511,ClearSky,0.0
2021-03-23T21:15:59.856234,FewClouds,0.0
2021-03-23T21:16:04.843566,BrokenClouds,0.0
2021-03-23T21:16:09.845301,Thunderstorm,0.0
2021-03-23T21:16:14.851326,Rain,0.0
2021-03-23T21:16:19.845327,ShowerRain,0.0
2021-03-23T21:16:24.854532,BrokenClouds,0.0
2021-03-23T21:16:29.856322,Thunderstorm,0.0
2021-03-23T21:16:34.854321,BrokenClouds,0.0
2021-03-23T21:16:39.841543,Snow,0.0
2021-03-23T21:16:44.845331,ShowerRain,0.0
2021-03-23T21:16:49.845108,Rain,0.0
2021-03-23T21:16:54.854545,ScatteredClouds,0.0
2021-03-23T21:16:59.846512,Rain,0.0
2021-03-23T21:17:04.848603,ClearSky,0.0
2021-03-23T21:17:09.855696,ShowerRain,0.0
2021-03-23T21:17:14.851309,Thunderstorm,0.0
2021-03-23T21:17:19.855497,Mist,0.0
2021-03-23T21:17:24.845320,Thunderstorm,0.0
2021-03-23T21:17:29.844265,FewClouds,0.0
2021-03-23T21:17:34.842324,Thunderstorm,0.0
2021-03-23T21:17:39.845510,Mist,0.0
2021-03-23T21:17:44.854585,FewClouds,0.0
2021-03-23T21:17:49.844608,Rain,0.0
2021-03-23T21:17:54.842559,ClearSky,0.0
2021-03-23T21:17:59.848547,FewClouds,0.0
2021-03-23T21:18:04.850326,Thunderstorm,0.0
2021-03-23T21:18:09.847546,ScatteredClouds,0.0
2021-03-23T21:18:14.851663,ShowerRain,0.0
2021-03-23T21:18:19.845077,ShowerRain,0.0
2021-03-23T21:18:24.841671,FewClouds,0.0
2021-03-23T21:18:29.853538,FewClouds,0.0
2021-03-23T21:18:34.850577,ShowerRain,0.0
2021-03-23T21:18:39.853724,FewClouds,0.0
2021-03-23T21:18:44.848532,Mist,0.0
2021-03-23T21:18:49.841972,ShowerRain,0.0
2021-03-23T21:18:54.846915,ClearSky,0.0
2021-03-23T21:18:59.846210,Rain,0.0
2021-03-23T21:19:04.840546,ClearSky,0.0
2021-03-23T21:19:09.841336,ShowerRain,0.0
2021-03-23T21:19:14.841178,ClearSky,0.0
2021-03-23T21:19:19.843541,Mist,0.0
2021-03-23T21:19:24.854509,Thunderstorm,0.0
2021-03-23T21:19:29.843254,ScatteredClouds,0.0
2021-03-23T21:19:34.852533,BrokenClouds,0.0
2021-03-23T21:19:39.851350,Snow,0.0
2021-03-23T21:19:44.849772,ScatteredClouds,0.0
2021-03-23T21:19:49.842887,ShowerRain,0.0
2021-03-23T21:19:54.841069,ScatteredClouds,0.0
2021-03-23T21:19:59.846346,Thunderstorm,0.0
2021-03-23T21:20:04.850278,ScatteredClouds,0.0
2021-03-23T21:20:09.850540,Thunderstorm,0.0
2021-03-23T21:20:14.848858,ScatteredClouds,0.0
2021-03-23T21:20:19.845537,BrokenClouds,0.0
2021-03-23T21:20:24.847960,Mist,0.0
2021-03-23T21:20:29.852494,BrokenClouds,0.0
2021-03-23T21:20:34.840363,ShowerRain,0.0
2021-03-23T21:20:39.844328,FewClouds,0.0
2021-03-23T21:20:44.852636,ScatteredClouds,0.0
2021-03-23T21:20:49.850393,ClearSky,0.0
2021-03-23T21:20:54.850131,ScatteredClouds,0.0
2021-03-23T21:20:59.846251,Mist,0.0
2021-03-23T21:21:04.854323,Mist,0.0
2021-03-23T21:21:09.849750,BrokenClouds,0.0
2021-03-23T21:21:14.842122,ShowerRain,0.0
2021-03-23T21:21:19.853612,Thunderstorm,0.0
2021-03-23T21:21:24.845503,FewClouds,0.0
2021-03-23T21:21:29.849316,Snow,0.0
2021-03-23T21:21:34.849404,Rain,0.0
2021-03-23T21:21:39.853913,ClearSky,0.0
2021-03-23T21:21:44.842781,Mist,0.0
2021-03-23T21:21:49.857175,FewClouds,0.0
2021-03-23T21:21:54.842389,ShowerRain,0.0
2021-03-23T21:21:59.848286,FewClouds,0.0
2021-03-23T21:22:04.850916,ShowerRain,0.0
2021-03-23T21:22:09.840540,Mist,0.0
2021-03-23T21:22:14.848725,ShowerRain,0.0
2021-03-23T21:22:19.852059,BrokenClouds,0.0
2021-03-23T21:22:24.852990,ClearSky,0.0
2021-03-23T21:22:29.843290,ShowerRain,0.0
2021-03-23T21:22:34.848506,BrokenClouds,0.0
2021-03-23T21:22:39.843534,FewClouds,0.0
2021-03-23T21:22:44.850172,ScatteredClouds,0.0
2021-03-23T21:22:49.850006,Rain,0.0
2021-03-23T21:22:54.854017,ShowerRain,0.0
2021-03-23T21:22:59.842321,ClearSky,0.0
2021-03-23T21:23:04.846905,BrokenClouds,0.0
2021-03-23T21:23:09.849008,ClearSky,0.0
2021-03-23T21:23:14.842674,BrokenClouds,0.0
2021-03-23T21:23:19.840404,ScatteredClouds,0.0
2021-03-23T21:23:24.843572,FewClouds,0.0
2021-03-23T21:23:29.851415,BrokenClouds,0.0
2021-03-23T21:23:34.854919,Mist,0.0
2021-03-23T21:23:39.851325,FewClouds,0.0
2021-03-23T21:23:44.846730,FewClouds,0.0
2021-03-23T21:23:49.841338,Thunderstorm,0.0
2021-03-23T21:23:54.850286,Rain,0.0
2021-03-23T21:23:59.845151,BrokenClouds,0.0
2021-03-23T21:24:04.842649,ShowerRain,0.0
2021-03-23T21:24:09.854453,Thunderstorm,0.0
2021-03-23T21:24:14.840017,Snow,0.0
2021-03-23T21:24:28.431126,BrokenClouds,0.0
2021-03-23T21:24:33.314789,BrokenClouds,0.0
2021-03-23T21:24:38.313405,Snow,0.0
2021-03-23T21:24:43.311638,ClearSky,0.0
2021-03-23T21:24:48.310155,Rain,0.0
2021-03-23T21:24:53.310946,FewClouds,0.0
2021-03-23T21:24:58.309741,Snow,0.0
2021-03-23T21:25:03.312279,FewClouds,0.0
2021-03-23T21:25:08.309689,Rain,0.0
2021-03-23T21:25:13.302983,Thunderstorm,0.0
2021-03-23T21:25:18.312961,ScatteredClouds,0.0
2021-03-23T21:25:23.320251,Snow,0.0
2021-03-23T21:25:28.312193,FewClouds,0.0
2021-03-23T21:25:33.310411,ScatteredClouds,0.0
2021-03-23T21:25:38.313475,Mist,0.0
2021-03-23T21:25:43.317071,Mist,0.0
2021-03-23T21:25:48.316020,ScatteredClouds,0.0
2021-03-23T21:25:53.303273,Snow,0.0
2021-03-23T21:25:58.308209,ClearSky,0.0
2021-03-23T21:26:03.309265,FewClouds,0.0
2021-03-23T21:26:08.315980,BrokenClouds,0.0
2021-03-23T21:26:13.302327,ShowerRain,0.0
2021-03-23T21:26:18.304489,Thunderstorm,0.0
2021-03-23T21:26:23.301953,Snow,0.0
2021-03-23T21:26:28.314007,Thunderstorm,0.0
2021-03-23T21:26:33.306012,Rain,0.0
2021-03-23T21:26:38.309013,ShowerRain,0.0
2021-03-23T21:26:43.312038,Mist,0.0
2021-03-23T21:26:48.315288,ScatteredClouds,0.0
2021-03-23T21:26:53.307372,ScatteredClouds,0.0
2021-03-23T21:26:58.309793,Snow,0.0
2021-03-23T21:27:03.304314,BrokenClouds,0.0
2021-03-23T21:27:08.303320,ShowerRain,0.0
2021-03-23T21:27:13.305628,Thunderstorm,0.0
2021-03-23T21:27:18.306008,Snow,0.0
2021-03-23T21:27:23.315295,ClearSky,0.0
2021-03-23T21:27:28.307525,BrokenClouds,0.0
2021-03-23T21:27:33.302328,Mist,0.0
2021-03-23T21:27:38.327178,ShowerRain,0.0
2021-03-23T21:42:03.463077,ScatteredClouds,0.0
2021-03-23T21:42:08.260790,Snow,0.0
2021-03-23T21:42:13.259321,Mist,0.0
2021-03-23T21:42:18.258811,BrokenClouds,0.0
2021-03-23T21:42:23.258261,BrokenClouds,0.0
2021-03-23T21:42:28.245980,Thunderstorm,0.0
2021-03-24T11:06:50.616359,ScatteredClouds,1.1768554745160522
2021-03-24T11:06:55.397551,BrokenClouds,0.8826416058870391
2021-03-24T11:07:00.408005,BrokenClouds,0.8826416058870391
2021-03-24T11:07:05.408173,Mist,0.14710693431450653
2021-03-24T11:07:10.412956,Snow,1.1768554745160522
2021-03-24T11:07:15.399239,ClearSky,2.9421386862901304
2021-03-24T11:07:20.406204,Thunderstorm,0.029421386862901307
2021-03-24T11:07:25.407068,ClearSky,2.9421386862901304
2021-03-24T11:07:30.400750,BrokenClouds,0.8826416058870391
2021-03-24T11:07:35.399173,BrokenClouds,0.8826416058870391
2021-03-24T11:07:40.398367,ScatteredClouds,1.1768554745160522
2021-03-24T11:07:45.400189,FewClouds,2.3537109490321044
2021-03-24T11:07:50.401453,ScatteredClouds,1.1768554745160522
2021-03-24T11:07:55.394659,BrokenClouds,0.8826416058870391
2021-03-24T11:08:00.396456,ScatteredClouds,1.1768554745160522
2021-03-24T11:08:05.409182,ClearSky,2.9421386862901304
2021-03-24T11:08:10.404487,Mist,0.14710693431450653
2021-03-24T11:08:15.405067,Rain,0.5884277372580261
2021-03-24T11:08:20.404224,Rain,0.5884277372580261
2021-03-24T11:08:25.422195,Thunderstorm,0.029421386862901307
2021-03-24T11:08:30.404617,Mist,0.14710693431450653
2021-03-24T11:08:35.398175,Mist,0.14710693431450653
2021-03-24T11:08:40.399339,Thunderstorm,0.029421386862901307
2021-03-24T11:08:45.404813,Snow,1.1768554745160522
2021-03-24T11:08:50.406174,Rain,0.5884277372580261
2021-03-24T11:08:55.405346,ScatteredClouds,1.1768554745160522
2021-03-24T11:09:00.396188,Mist,0.14710693431450653
2021-03-24T11:09:05.405177,Snow,1.1768554745160522
2021-03-24T11:09:10.397036,ShowerRain,0.29421386862901305
2021-03-24T11:09:15.397064,BrokenClouds,0.8826416058870391
2021-03-24T11:09:20.399044,ScatteredClouds,1.1768554745160522
2021-03-24T11:09:25.398122,ShowerRain,0.29421386862901305
2021-03-24T11:09:30.405909,FewClouds,2.3537109490321044
2021-03-24T11:09:35.399777,ScatteredClouds,1.1768554745160522
2021-03-24T15:59:10.773620,Snow,1.0061079538917586
2021-03-24T15:59:15.434402,Rain,0.5030539769458793
2021-03-24T15:59:20.418867,Mist,0.12576349423646982
2021-03-24T15:59:25.420042,ScatteredClouds,1.0061079538917586
2021-03-24T15:59:30.415342,Mist,0.12576349423646982
2021-03-24T15:59:35.424201,Snow,1.0061079538917586
2021-03-24T15:59:40.415586,ScatteredClouds,1.0061079538917586
2021-03-24T15:59:45.420857,ClearSky,2.5152698847293964
2021-03-24T15:59:50.424657,ScatteredClouds,1.0061079538917586
2021-03-24T15:59:55.429246,ScatteredClouds,1.0061079538917586
2021-03-24T16:00:00.414613,Snow,0.7270395958334648
2021-03-24T16:00:05.436482,Mist,0.0908799494791831
2021-03-24T16:00:10.422201,Snow,0.7270395958334648
2021-03-24T16:00:15.409605,FewClouds,1.4540791916669296
2021-03-24T16:00:20.410701,Thunderstorm,0.01817598989583662
2021-03-24T16:00:25.478996,Snow,0.7270395958334648
2021-03-24T16:00:30.417092,ShowerRain,0.1817598989583662
2021-03-24T16:00:35.429530,ClearSky,1.8175989895836617
2021-03-24T16:00:40.410522,Snow,0.7270395958334648
2021-03-24T16:00:45.415655,FewClouds,1.4540791916669296
2021-03-24T16:00:50.415325,FewClouds,1.4540791916669296
2021-03-24T16:00:55.421476,Mist,0.0908799494791831
2021-03-24T16:01:00.419712,FewClouds,1.4540791916669296
2021-03-24T16:01:05.415098,ClearSky,1.8175989895836617
2021-03-24T16:01:10.407006,Rain,0.3635197979167324
2021-03-24T16:01:15.414586,ClearSky,1.8175989895836617
2021-03-24T16:01:20.410100,ScatteredClouds,0.7270395958334648
2021-03-24T16:01:25.418006,Thunderstorm,0.01817598989583662
2021-03-24T16:01:30.418334,ScatteredClouds,0.7270395958334648
2021-03-24T16:01:35.417217,BrokenClouds,0.5452796968750985
2021-03-24T16:01:40.414199,FewClouds,1.4540791916669296
2021-03-24T16:01:45.411379,Thunderstorm,0.01817598989583662
2021-03-24T16:01:50.403432,Mist,0.0908799494791831
2021-03-24T16:01:55.410649,ShowerRain,0.1817598989583662
2021-03-24T16:02:00.427756,FewClouds,1.4540791916669296
2021-03-24T16:02:05.406859,ClearSky,1.8175989895836617
2021-03-24T16:02:10.426748,FewClouds,1.4540791916669296
2021-03-24T16:02:15.421008,ScatteredClouds,0.7270395958334648
2021-03-24T16:02:20.410169,BrokenClouds,0.5452796968750985
2021-03-24T16:02:25.412624,Rain,0.3635197979167324
2021-03-24T16:02:30.413331,ClearSky,1.8175989895836617
2021-03-24T16:02:35.409974,Mist,0.0908799494791831
2021-03-24T16:02:40.430350,ClearSky,1.8175989895836617
2021-03-24T16:02:45.412883,ShowerRain,0.1817598989583662
2021-03-24T16:02:50.413388,BrokenClouds,0.5452796968750985
2021-03-24T16:02:55.415796,Mist,0.0908799494791831
2021-03-24T16:03:00.403754,ClearSky,1.8175989895836617
2021-03-24T16:03:05.406320,Mist,0.0908799494791831
2021-03-24T16:03:10.403773,Rain,0.3635197979167324
2021-03-24T16:03:15.415850,Mist,0.0908799494791831
2021-03-24T16:03:20.408800,ScatteredClouds,0.7270395958334648
2021-03-24T16:03:25.405970,Mist,0.0908799494791831
2021-03-24T16:03:30.403247,Rain,0.3635197979167324
2021-03-24T16:03:35.406914,BrokenClouds,0.5452796968750985
2021-03-24T16:03:40.417117,Thunderstorm,0.01817598989583662
2021-03-24T16:03:45.411943,ShowerRain,0.1817598989583662
2021-03-24T16:03:50.416273,BrokenClouds,0.5452796968750985
2021-03-24T16:03:55.412517,BrokenClouds,0.5452796968750985
2021-03-24T16:04:00.402299,Thunderstorm,0.01817598989583662
2021-03-24T16:04:05.407782,ClearSky,1.8175989895836617
2021-03-24T16:04:10.412434,Thunderstorm,0.01817598989583662
2021-03-24T16:04:15.407836,ClearSky,1.8175989895836617
2021-03-24T16:04:20.408320,Thunderstorm,0.01817598989583662
2021-03-24T16:04:25.420723,ClearSky,1.8175989895836617
2021-03-24T16:04:30.415608,BrokenClouds,0.5452796968750985
2021-03-24T16:04:35.406828,FewClouds,1.4540791916669296
2021-03-24T16:04:40.415067,Rain,0.3635197979167324
2021-03-24T16:04:45.405912,FewClouds,1.4540791916669296
2021-03-24T16:04:50.412078,ClearSky,1.8175989895836617
2021-03-24T16:04:55.404926,Mist,0.0908799494791831
2021-03-24T16:05:00.411624,ShowerRain,0.1817598989583662
2021-03-24T16:05:05.407734,FewClouds,1.4540791916669296
2021-03-24T16:05:10.408607,Snow,0.7270395958334648
2021-03-24T16:05:15.409598,Snow,0.7270395958334648
2021-03-24T16:05:20.409400,Thunderstorm,0.01817598989583662
2021-03-24T16:05:25.412565,FewClouds,1.4540791916669296
2021-03-24T16:05:30.406421,ShowerRain,0.1817598989583662
2021-03-24T16:05:35.407828,ClearSky,1.8175989895836617
2021-03-24T16:05:40.416302,ScatteredClouds,0.7270395958334648
2021-03-24T16:05:45.409600,FewClouds,1.4540791916669296
2021-03-24T16:05:50.404477,ScatteredClouds,0.7270395958334648
2021-03-24T16:05:55.410519,Thunderstorm,0.01817598989583662
2021-03-24T16:06:00.414128,Snow,0.7270395958334648
2021-03-24T16:06:05.415298,ShowerRain,0.1817598989583662
2021-03-24T16:06:10.409469,FewClouds,1.4540791916669296
2021-03-24T16:06:15.407752,ClearSky,1.8175989895836617
2021-03-24T16:06:20.400702,ClearSky,1.8175989895836617
2021-03-24T16:06:25.403766,ClearSky,1.8175989895836617
2021-03-24T16:06:30.414488,ShowerRain,0.1817598989583662
2021-03-24T16:06:35.404646,FewClouds,1.4540791916669296
2021-03-24T16:06:40.401372,Thunderstorm,0.01817598989583662
2021-03-24T16:06:45.415594,Thunderstorm,0.01817598989583662
2021-03-24T16:06:50.410822,Rain,0.3635197979167324
2021-03-24T16:06:55.415148,Rain,0.3635197979167324
2021-03-24T16:07:00.409161,ClearSky,1.8175989895836617
2021-03-24T16:07:05.407624,ClearSky,1.8175989895836617
2021-03-24T16:07:10.408820,ClearSky,1.8175989895836617
2021-03-24T16:07:15.413597,FewClouds,1.4540791916669296
2021-03-24T16:07:20.408797,ClearSky,1.8175989895836617
2021-03-24T16:07:25.412781,Rain,0.3635197979167324
2021-03-24T16:07:30.406560,Rain,0.3635197979167324
2021-03-24T16:07:35.411642,ClearSky,1.8175989895836617
2021-03-24T16:07:40.411626,FewClouds,1.4540791916669296
2021-03-24T16:07:45.413589,ScatteredClouds,0.7270395958334648
2021-03-24T16:07:50.422890,FewClouds,1.4540791916669296
2021-03-24T16:07:55.411357,Snow,0.7270395958334648
2021-03-24T16:08:00.413096,Thunderstorm,0.01817598989583662
2021-03-24T16:08:05.401221,Mist,0.0908799494791831
2021-03-24T16:08:10.407937,BrokenClouds,0.5452796968750985
2021-03-24T16:08:15.407516,BrokenClouds,0.5452796968750985
2021-03-24T16:08:20.404281,BrokenClouds,0.5452796968750985
2021-03-24T16:08:25.406523,Thunderstorm,0.01817598989583662
2021-03-24T16:08:30.404425,ClearSky,1.8175989895836617
2021-03-24T16:08:35.415501,BrokenClouds,0.5452796968750985
2021-03-24T16:08:40.410207,FewClouds,1.4540791916669296
2021-03-24T16:08:45.404249,ShowerRain,0.1817598989583662
2021-03-24T16:08:50.400734,ShowerRain,0.1817598989583662
2021-03-24T16:08:55.415518,FewClouds,1.4540791916669296
2021-03-24T16:09:00.404326,ScatteredClouds,0.7270395958334648
2021-03-24T16:09:05.400754,FewClouds,1.4540791916669296
2021-03-24T16:09:10.411515,FewClouds,1.4540791916669296
2021-03-24T16:09:15.403744,Thunderstorm,0.01817598989583662
2021-03-24T16:09:20.418735,FewClouds,1.4540791916669296
2021-03-24T16:09:25.405241,FewClouds,1.4540791916669296
2021-03-24T16:09:30.401132,Rain,0.3635197979167324
2021-03-24T16:09:35.414756,ScatteredClouds,0.7270395958334648
2021-03-24T16:09:40.407937,ShowerRain,0.1817598989583662
2021-03-24T16:09:45.414297,ClearSky,1.8175989895836617
2021-03-24T16:09:50.404645,BrokenClouds,0.5452796968750985
2021-03-24T16:09:55.400186,Rain,0.3635197979167324
2021-03-24T16:10:00.405841,Snow,0.7270395958334648
2021-03-24T16:10:05.414008,ClearSky,1.8175989895836617
2021-03-24T16:10:10.414225,Snow,0.7270395958334648
2021-03-24T16:10:15.404803,FewClouds,1.4540791916669296
2021-03-24T16:10:20.405391,Rain,0.3635197979167324
2021-03-24T16:10:25.405530,Snow,0.7270395958334648
2021-03-24T16:10:30.412174,Snow,0.7270395958334648
2021-03-24T16:10:35.407157,Thunderstorm,0.01817598989583662
2021-03-24T16:10:40.408089,ClearSky,1.8175989895836617
2021-03-24T16:10:45.410261,Snow,0.7270395958334648
2021-03-24T16:10:50.405495,Snow,0.7270395958334648
2021-03-24T16:10:55.413,ScatteredClouds,0.7270395958334648
2021-03-24T16:11:00.404004,FewClouds,1.4540791916669296
2021-03-24T16:11:05.410987,ScatteredClouds,0.7270395958334648
2021-03-24T16:11:10.417609,BrokenClouds,0.5452796968750985
2021-03-24T16:11:15.412433,Snow,0.7270395958334648
2021-03-24T16:11:20.412487,Mist,0.0908799494791831
2021-03-24T16:11:25.409271,ShowerRain,0.1817598989583662
2021-03-24T16:11:30.401892,Thunderstorm,0.01817598989583662
2021-03-24T16:11:35.409183,Rain,0.3635197979167324
2021-03-24T16:11:40.416537,ScatteredClouds,0.7270395958334648
2021-03-24T16:11:45.415671,Snow,0.7270395958334648
2021-03-24T16:11:50.417046,Rain,0.3635197979167324
2021-03-24T16:11:55.415928,ScatteredClouds,0.7270395958334648
2021-03-24T16:12:00.414336,ScatteredClouds,0.7270395958334648
2021-03-24T16:12:05.415785,BrokenClouds,0.5452796968750985
2021-03-24T16:12:10.415270,Rain,0.3635197979167324
2021-03-24T16:12:15.411237,ClearSky,1.8175989895836617
2021-03-24T16:12:20.407678,BrokenClouds,0.5452796968750985
2021-03-24T16:12:25.407684,ScatteredClouds,0.7270395958334648
2021-03-24T16:12:30.413686,Rain,0.3635197979167324
2021-03-24T16:12:35.412344,BrokenClouds,0.5452796968750985
2021-03-24T16:12:40.406064,Rain,0.3635197979167324
2021-03-24T16:12:45.410045,FewClouds,1.4540791916669296
2021-03-24T16:12:50.409090,BrokenClouds,0.5452796968750985
2021-03-24T16:12:55.413218,ShowerRain,0.1817598989583662
2021-03-24T16:13:00.409699,ScatteredClouds,0.7270395958334648
2021-03-24T16:27:04.452961,Rain,0.3635197979167324
2021-03-24T16:27:09.149984,BrokenClouds,0.5452796968750985
2021-03-24T16:27:14.150329,Snow,0.7270395958334648
2021-03-24T16:27:19.147187,ShowerRain,0.1817598989583662
2021-03-24T16:27:24.153012,Snow,0.7270395958334648
2021-03-24T16:27:29.156479,FewClouds,1.4540791916669296
2021-03-24T16:27:34.158578,Thunderstorm,0.01817598989583662
2021-03-24T16:27:39.148557,Snow,0.7270395958334648
2021-03-24T16:27:44.145214,Snow,0.7270395958334648
2021-03-24T16:27:49.157798,Snow,0.7270395958334648
2021-03-24T16:27:54.158196,ShowerRain,0.1817598989583662
2021-03-24T16:27:59.161610,Mist,0.0908799494791831
2021-03-24T16:28:04.147771,Rain,0.3635197979167324
2021-03-24T16:28:09.159977,ClearSky,1.8175989895836617
2021-03-24T16:28:14.147719,FewClouds,1.4540791916669296
2021-03-24T16:28:19.155558,FewClouds,1.4540791916669296
2021-03-24T16:28:24.255349,ShowerRain,0.1817598989583662
2021-03-24T16:28:29.207637,Snow,0.7270395958334648
2021-03-24T16:28:34.145659,ShowerRain,0.1817598989583662
2021-03-24T16:28:39.151140,ShowerRain,0.1817598989583662
2021-03-24T16:28:44.141938,ClearSky,1.8175989895836617
2021-03-24T16:28:49.143316,ScatteredClouds,0.7270395958334648
2021-03-24T16:28:54.137933,ScatteredClouds,0.7270395958334648
2021-03-24T16:28:59.140959,Thunderstorm,0.01817598989583662
2021-03-24T16:29:04.143430,Rain,0.3635197979167324
2021-03-24T16:29:09.155641,ScatteredClouds,0.7270395958334648
2021-03-24T16:29:14.157320,ScatteredClouds,0.7270395958334648
2021-03-24T16:29:19.145877,ScatteredClouds,0.7270395958334648
2021-03-24T16:29:24.140052,BrokenClouds,0.5452796968750985
2021-03-24T16:29:29.148240,FewClouds,1.4540791916669296
2021-03-24T16:29:48.354434,Thunderstorm,0.01817598989583662
2021-03-24T16:29:53.117033,Thunderstorm,0.01817598989583662
2021-03-24T16:29:58.103123,ShowerRain,0.1817598989583662
2021-03-24T16:30:03.111941,ScatteredClouds,0.7270395958334648
2021-03-24T16:30:08.107057,ClearSky,1.8175989895836617
2021-03-24T16:30:13.102697,Mist,0.0908799494791831
2021-03-24T16:30:18.102350,Mist,0.0908799494791831
2021-03-24T16:30:23.108315,Thunderstorm,0.01817598989583662
2021-03-24T16:30:28.097051,Snow,0.7270395958334648
2021-03-24T16:30:33.100204,Thunderstorm,0.01817598989583662
2021-03-24T16:30:38.103790,ShowerRain,0.1817598989583662
2021-03-24T16:30:43.099767,FewClouds,1.4540791916669296
2021-03-24T16:30:48.104642,Thunderstorm,0.01817598989583662
2021-03-24T16:30:53.102229,Thunderstorm,0.01817598989583662
2021-03-24T16:30:58.110650,Rain,0.3635197979167324
2021-03-24T16:31:03.114395,Rain,0.3635197979167324
2021-03-24T16:31:08.107898,ShowerRain,0.1817598989583662
2021-03-24T16:31:13.096862,BrokenClouds,0.5452796968750985
2021-03-24T16:31:18.100912,Snow,0.7270395958334648
2021-03-24T16:31:23.105273,Snow,0.7270395958334648
2021-03-24T16:31:28.102979,Thunderstorm,0.01817598989583662
2021-03-24T16:31:33.102993,FewClouds,1.4540791916669296
2021-03-24T16:31:38.103323,ClearSky,1.8175989895836617
2021-03-24T16:31:43.099581,ScatteredClouds,0.7270395958334648
2021-03-24T16:31:48.100846,ScatteredClouds,0.7270395958334648
2021-03-24T16:31:53.107746,Rain,0.3635197979167324
2021-03-24T16:31:58.093847,Rain,0.3635197979167324
2021-03-24T16:32:03.101570,ClearSky,1.8175989895836617
2021-03-24T16:32:08.097880,ClearSky,1.8175989895836617
2021-03-24T16:32:13.099531,ShowerRain,0.1817598989583662
2021-03-24T16:32:18.093970,ShowerRain,0.1817598989583662
2021-03-24T16:32:23.106179,BrokenClouds,0.5452796968750985
2021-03-24T16:32:28.097259,FewClouds,1.4540791916669296
2021-03-24T16:32:33.098552,ShowerRain,0.1817598989583662
2021-03-24T16:32:38.097039,ClearSky,1.8175989895836617
2021-03-24T16:32:43.096168,ShowerRain,0.1817598989583662
2021-03-24T16:32:48.094510,Thunderstorm,0.01817598989583662
2021-03-24T16:32:53.099528,BrokenClouds,0.5452796968750985
2021-03-24T16:32:58.100061,Rain,0.3635197979167324
2021-03-24T16:33:03.099911,ScatteredClouds,0.7270395958334648
2021-03-24T16:33:08.091626,Thunderstorm,0.01817598989583662
2021-03-24T16:33:13.175229,ScatteredClouds,0.7270395958334648
2021-03-24T16:33:18.095347,Rain,0.3635197979167324
2021-03-24T16:33:23.095555,Mist,0.0908799494791831
2021-03-24T16:33:28.219873,Mist,0.0908799494791831
2021-03-24T16:33:33.114847,ClearSky,1.8175989895836617
2021-03-24T16:33:38.096992,BrokenClouds,0.5452796968750985
2021-03-24T16:33:43.097144,ScatteredClouds,0.7270395958334648
2021-03-24T16:33:48.101401,FewClouds,1.4540791916669296
2021-03-24T16:33:53.092958,Snow,0.7270395958334648
2021-03-24T16:33:58.099266,BrokenClouds,0.5452796968750985
2021-03-24T16:34:03.098577,ShowerRain,0.1817598989583662
2021-03-24T16:34:08.094560,FewClouds,1.4540791916669296
2021-03-24T16:34:13.110096,Rain,0.3635197979167324
2021-03-24T16:34:18.101192,Thunderstorm,0.01817598989583662
2021-03-24T16:34:23.098543,ShowerRain,0.1817598989583662
2021-03-24T16:34:28.090071,Mist,0.0908799494791831
2021-03-24T16:34:33.096610,FewClouds,1.4540791916669296
2021-03-24T16:34:38.098768,Thunderstorm,0.01817598989583662
2021-03-24T16:34:43.095933,ScatteredClouds,0.7270395958334648
2021-03-24T16:34:48.097469,Rain,0.3635197979167324
2021-03-24T16:34:53.095598,Rain,0.3635197979167324
2021-03-24T16:34:58.106574,BrokenClouds,0.5452796968750985
2021-03-24T16:35:03.100517,Snow,0.7270395958334648
2021-03-24T16:35:08.103757,Thunderstorm,0.01817598989583662
2021-03-24T16:35:13.097432,BrokenClouds,0.5452796968750985
2021-03-24T16:35:18.097869,FewClouds,1.4540791916669296
2021-03-24T16:35:23.101809,Mist,0.0908799494791831
2021-03-24T16:35:28.099054,ShowerRain,0.1817598989583662
2021-03-24T16:35:33.144116,Mist,0.0908799494791831
2021-03-24T16:35:50.716028,ClearSky,1.8175989895836617
2021-03-24T16:35:55.403436,FewClouds,1.4540791916669296
2021-03-24T16:36:00.411905,FewClouds,1.4540791916669296
2021-03-24T16:36:05.409895,Rain,0.3635197979167324
2021-03-24T16:36:10.407538,ShowerRain,0.1817598989583662
2021-03-24T16:36:15.393140,Thunderstorm,0.01817598989583662
2021-03-24T16:36:20.407848,FewClouds,1.4540791916669296
2021-03-24T16:36:25.395486,ScatteredClouds,0.7270395958334648
2021-03-24T16:36:30.406983,ScatteredClouds,0.7270395958334648
2021-03-24T16:40:38.403927,ShowerRain,0.1817598989583662
2021-03-24T16:40:43.215957,ShowerRain,0.1817598989583662
2021-03-24T16:40:48.185151,ClearSky,1.8175989895836617
2021-03-24T16:40:53.166760,Mist,0.0908799494791831
2021-03-24T16:40:58.182587,ScatteredClouds,0.7270395958334648
2021-03-24T16:41:03.169261,Thunderstorm,0.01817598989583662
2021-03-24T16:41:08.174187,Snow,0.7270395958334648
2021-03-24T16:41:13.164232,Snow,0.7270395958334648
2021-03-24T16:41:18.162198,ScatteredClouds,0.7270395958334648
2021-03-24T16:41:23.189220,BrokenClouds,0.5452796968750985
2021-03-24T16:41:28.156300,FewClouds,1.4540791916669296
2021-03-24T16:41:33.161294,FewClouds,1.4540791916669296
2021-03-24T16:41:38.172315,BrokenClouds,0.5452796968750985
2021-03-24T16:41:43.172092,Mist,0.0908799494791831
2021-03-24T16:41:48.164191,BrokenClouds,0.5452796968750985
2021-03-24T16:41:53.171386,Snow,0.7270395958334648
2021-03-24T16:41:58.156309,Snow,0.7270395958334648
2021-03-24T16:42:03.168282,ClearSky,1.8175989895836617
2021-03-24T16:42:08.165998,Mist,0.0908799494791831
2021-03-24T16:42:13.159708,Rain,0.3635197979167324
2021-03-24T16:42:18.166555,FewClouds,1.4540791916669296
2021-03-24T16:42:23.167468,ShowerRain,0.1817598989583662
2021-03-24T16:42:28.164293,FewClouds,1.4540791916669296
2021-03-24T16:42:33.168229,ScatteredClouds,0.7270395958334648
2021-03-24T16:42:38.155247,Rain,0.3635197979167324
2021-03-24T16:42:43.162361,FewClouds,1.4540791916669296
2021-03-24T16:42:48.165165,Thunderstorm,0.01817598989583662
2021-03-24T16:42:53.169924,Mist,0.0908799494791831
2021-03-24T16:42:58.164291,ClearSky,1.8175989895836617
2021-03-24T16:43:03.162577,ClearSky,1.8175989895836617
2021-03-24T16:43:08.165762,Rain,0.3635197979167324
2021-03-24T16:43:13.157342,Rain,0.3635197979167324
2021-03-24T16:43:18.168632,Rain,0.3635197979167324
2021-03-24T16:43:23.157873,Snow,0.7270395958334648
2021-03-24T16:43:28.154841,ClearSky,1.8175989895836617
2021-03-24T16:43:33.155057,Thunderstorm,0.01817598989583662
2021-03-24T16:43:38.166138,FewClouds,1.4540791916669296
2021-03-24T16:43:43.173343,ScatteredClouds,0.7270395958334648
2021-03-24T16:43:48.157555,ScatteredClouds,0.7270395958334648
2021-03-24T16:43:53.173280,Snow,0.7270395958334648
2021-03-24T16:43:58.184897,ScatteredClouds,0.7270395958334648
2021-03-24T16:44:03.166334,BrokenClouds,0.5452796968750985
2021-03-24T16:44:08.162179,ScatteredClouds,0.7270395958334648
2021-03-24T16:44:13.155265,ScatteredClouds,0.7270395958334648
2021-03-24T16:44:18.221970,ShowerRain,0.1817598989583662
2021-03-24T16:44:23.238817,ClearSky,1.8175989895836617
2021-03-24T16:44:41.390982,ClearSky,1.8175989895836617
2021-03-24T16:44:46.105733,Rain,0.3635197979167324
2021-03-24T16:44:51.125496,ScatteredClouds,0.7270395958334648
2021-03-24T16:44:56.110911,Rain,0.3635197979167324
2021-03-24T16:45:01.103854,ScatteredClouds,0.7270395958334648
2021-03-24T16:45:06.104208,ClearSky,1.8175989895836617
2021-03-24T16:45:11.116645,ShowerRain,0.1817598989583662
2021-03-24T16:45:16.119536,FewClouds,1.4540791916669296
2021-03-24T16:45:21.112305,Thunderstorm,0.01817598989583662
2021-03-24T16:45:26.107352,Rain,0.3635197979167324
2021-03-24T16:45:31.116407,Rain,0.3635197979167324
2021-03-24T16:45:36.102211,BrokenClouds,0.5452796968750985
2021-03-24T16:45:41.105500,Thunderstorm,0.01817598989583662
2021-03-24T16:45:46.120281,Snow,0.7270395958334648
2021-03-24T16:45:51.107590,BrokenClouds,0.5452796968750985
2021-03-24T16:45:56.106139,FewClouds,1.4540791916669296
2021-03-24T16:46:01.101474,Rain,0.3635197979167324
2021-03-24T16:46:06.100728,Mist,0.0908799494791831
2021-03-24T16:46:11.103945,Snow,0.7270395958334648
2021-03-24T16:46:16.103273,Mist,0.0908799494791831
2021-03-24T16:46:21.111754,ShowerRain,0.1817598989583662
2021-03-24T16:46:26.098915,ScatteredClouds,0.7270395958334648
2021-03-24T16:46:31.099543,ClearSky,1.8175989895836617
2021-03-24T16:46:36.102030,Snow,0.7270395958334648
2021-03-24T16:46:41.097166,Snow,0.7270395958334648
2021-03-24T16:46:46.097813,Mist,0.0908799494791831
2021-03-24T16:46:51.107561,Mist,0.0908799494791831
2021-03-24T16:46:56.111333,ScatteredClouds,0.7270395958334648
2021-03-24T16:47:01.106926,Rain,0.3635197979167324
2021-03-24T16:47:06.096304,FewClouds,1.4540791916669296
2021-03-24T16:47:11.105231,ScatteredClouds,0.7270395958334648
2021-03-24T16:47:16.098267,FewClouds,1.4540791916669296
2021-03-24T16:47:21.111334,Thunderstorm,0.01817598989583662
2021-03-24T16:47:26.107728,Thunderstorm,0.01817598989583662
2021-03-24T16:47:31.095578,ClearSky,1.8175989895836617
2021-03-24T16:47:36.109256,ShowerRain,0.1817598989583662
2021-03-24T16:47:41.116116,ScatteredClouds,0.7270395958334648
2021-03-24T16:47:46.108606,Snow,0.7270395958334648
2021-03-24T16:47:51.108682,Thunderstorm,0.01817598989583662
2021-03-24T16:47:56.100137,Snow,0.7270395958334648
2021-03-24T16:48:01.108563,Rain,0.3635197979167324
2021-03-24T16:48:06.102256,Mist,0.0908799494791831
2021-03-24T16:48:11.101588,Snow,0.7270395958334648
2021-03-24T16:48:16.097177,Snow,0.7270395958334648
2021-03-24T16:48:21.122469,Snow,0.7270395958334648
2021-03-24T16:48:26.101033,Snow,0.7270395958334648
2021-03-24T16:48:31.098232,FewClouds,1.4540791916669296
2021-03-24T16:48:36.108027,Thunderstorm,0.01817598989583662
2021-03-24T16:48:41.105950,ClearSky,1.8175989895836617
2021-03-24T16:48:46.095230,ClearSky,1.8175989895836617
2021-03-24T16:48:51.097572,Rain,0.3635197979167324
2021-03-24T16:48:56.100015,ClearSky,1.8175989895836617
2021-03-24T16:49:01.107379,BrokenClouds,0.5452796968750985
2021-03-24T16:49:06.108069,ShowerRain,0.1817598989583662
2021-03-24T16:49:24.865215,ClearSky,1.8175989895836617
2021-03-24T16:49:29.523796,FewClouds,1.4540791916669296
2021-03-24T16:49:34.515215,ScatteredClouds,0.7270395958334648
2021-03-24T16:49:39.517131,Rain,0.3635197979167324
2021-03-24T16:52:35.580822,ScatteredClouds,0.7270395958334648
2021-03-24T16:52:40.339127,FewClouds,1.4540791916669296
2021-03-24T16:52:45.319523,Snow,0.7270395958334648
2021-03-24T16:52:50.333835,BrokenClouds,0.5452796968750985
2021-03-24T16:52:55.328186,BrokenClouds,0.5452796968750985
2021-03-24T16:53:00.317356,Mist,0.0908799494791831
2021-03-24T16:53:05.323331,Mist,0.0908799494791831
2021-03-24T16:53:10.328887,FewClouds,1.4540791916669296
2021-03-24T16:53:15.323685,BrokenClouds,0.5452796968750985
2021-03-24T16:53:20.325328,Thunderstorm,0.01817598989583662
2021-03-24T16:53:25.314599,Mist,0.0908799494791831
2021-03-24T16:53:30.315874,Snow,0.7270395958334648
2021-03-24T16:53:35.319059,Mist,0.0908799494791831
2021-03-24T16:53:40.318677,ShowerRain,0.1817598989583662
2021-03-24T16:53:45.322640,ClearSky,1.8175989895836617
2021-03-24T16:53:50.318443,ClearSky,1.8175989895836617
2021-03-24T16:53:55.316557,BrokenClouds,0.5452796968750985
2021-03-24T16:54:00.313101,FewClouds,1.4540791916669296
2021-03-24T16:54:05.316145,ClearSky,1.8175989895836617
2021-03-24T16:54:10.319827,FewClouds,1.4540791916669296
2021-03-24T16:54:15.326726,FewClouds,1.4540791916669296
2021-03-24T16:54:20.314220,ScatteredClouds,0.7270395958334648
2021-03-24T16:54:25.309107,Snow,0.7270395958334648
2021-03-24T16:54:30.317734,ClearSky,1.8175989895836617
2021-03-24T16:54:35.318235,Rain,0.3635197979167324
2021-03-24T16:54:40.316218,ScatteredClouds,0.7270395958334648
2021-03-24T16:54:45.314513,ShowerRain,0.1817598989583662
2021-03-24T16:54:50.317308,FewClouds,1.4540791916669296
2021-03-24T16:54:55.309928,ClearSky,1.8175989895836617
2021-03-24T16:55:00.316470,Rain,0.3635197979167324
2021-03-24T16:55:05.309463,ScatteredClouds,0.7270395958334648
2021-03-24T16:55:10.316462,ShowerRain,0.1817598989583662
2021-03-24T16:55:15.317836,ScatteredClouds,0.7270395958334648
2021-03-24T16:55:20.311715,Rain,0.3635197979167324
2021-03-24T16:55:25.309343,BrokenClouds,0.5452796968750985
2021-03-24T16:55:30.324271,Thunderstorm,0.01817598989583662
2021-03-24T16:55:35.311300,ScatteredClouds,0.7270395958334648
2021-03-24T16:55:40.320556,ClearSky,1.8175989895836617
2021-03-24T16:55:45.315038,Snow,0.7270395958334648
2021-03-24T16:55:50.316730,ScatteredClouds,0.7270395958334648
2021-03-24T16:55:55.320152,Thunderstorm,0.01817598989583662
2021-03-24T16:56:00.311127,Rain,0.3635197979167324
2021-03-24T16:56:05.319357,Thunderstorm,0.01817598989583662
2021-03-24T16:56:10.308947,Mist,0.0908799494791831
2021-03-24T16:56:15.322488,Thunderstorm,0.01817598989583662
2021-03-24T16:56:20.312599,Mist,0.0908799494791831
2021-03-24T16:56:25.314075,BrokenClouds,0.5452796968750985
2021-03-24T16:56:30.319812,Mist,0.0908799494791831
2021-03-24T16:56:35.320455,Rain,0.3635197979167324
2021-03-24T16:56:40.318105,ShowerRain,0.1817598989583662
2021-03-24T16:56:45.320220,Snow,0.7270395958334648
2021-03-24T16:56:50.323157,ClearSky,1.8175989895836617
2021-03-24T16:56:55.313059,Thunderstorm,0.01817598989583662
2021-03-24T16:57:00.305492,ClearSky,1.8175989895836617
2021-03-24T16:57:05.310599,ShowerRain,0.1817598989583662
2021-03-24T16:57:10.319584,Thunderstorm,0.01817598989583662
2021-03-24T16:57:15.323321,Thunderstorm,0.01817598989583662
2021-03-24T16:57:20.313964,ShowerRain,0.1817598989583662
2021-03-24T16:57:25.318548,Thunderstorm,0.01817598989583662
2021-03-24T16:57:30.317209,Thunderstorm,0.01817598989583662
2021-03-24T16:57:35.310298,ClearSky,1.8175989895836617
2021-03-24T16:57:40.319953,Snow,0.7270395958334648
2021-03-24T16:57:45.344335,Mist,0.0908799494791831
2021-03-24T16:57:50.315161,ClearSky,1.8175989895836617
2021-03-24T16:57:55.320612,ShowerRain,0.1817598989583662
2021-03-24T16:58:00.320209,Rain,0.3635197979167324
2021-03-24T16:58:05.316455,Thunderstorm,0.01817598989583662
2021-03-24T16:58:10.310580,ShowerRain,0.1817598989583662
2021-03-24T16:58:15.320341,Thunderstorm,0.01817598989583662
2021-03-24T16:58:20.313433,ScatteredClouds,0.7270395958334648
2021-03-24T16:58:25.316926,ShowerRain,0.1817598989583662
2021-03-24T16:58:30.316223,Rain,0.3635197979167324
2021-03-24T16:58:35.315913,FewClouds,1.4540791916669296
2021-03-24T16:58:40.320061,Thunderstorm,0.01817598989583662
2021-03-24T16:58:45.317227,FewClouds,1.4540791916669296
2021-03-24T16:58:50.305457,BrokenClouds,0.5452796968750985
2021-03-24T16:58:55.317687,Rain,0.3635197979167324
2021-03-24T16:59:00.320389,Thunderstorm,0.01817598989583662
2021-03-24T16:59:05.304246,BrokenClouds,0.5452796968750985
2021-03-24T16:59:10.306761,ClearSky,1.8175989895836617
2021-03-24T16:59:15.314340,Rain,0.3635197979167324
2021-03-24T16:59:20.308353,Thunderstorm,0.01817598989583662
2021-03-24T16:59:25.321957,BrokenClouds,0.5452796968750985
2021-03-24T16:59:30.306220,ClearSky,1.8175989895836617
2021-03-24T16:59:35.317874,FewClouds,1.4540791916669296
2021-03-24T16:59:40.308880,Snow,0.7270395958334648
2021-03-24T16:59:45.309773,ScatteredClouds,0.7270395958334648
2021-03-24T16:59:50.310752,ScatteredClouds,0.7270395958334648
2021-03-24T16:59:55.309791,ClearSky,1.8175989895836617
2021-03-24T17:00:00.306874,Mist,0.05464489905195089
2021-03-24T17:00:05.313148,Snow,0.43715919241560713
2021-03-24T17:00:10.319035,ScatteredClouds,0.43715919241560713
2021-03-24T17:00:15.313689,ScatteredClouds,0.43715919241560713
2021-03-24T17:00:20.307854,ShowerRain,0.10928979810390178
2021-03-24T17:00:25.306929,FewClouds,0.8743183848312143
2021-03-24T17:00:30.318005,Snow,0.43715919241560713
2021-03-24T17:00:35.306927,BrokenClouds,0.32786939431170525
2021-03-24T17:00:40.308229,ClearSky,1.0928979810390178
2021-03-24T17:00:45.311706,Snow,0.43715919241560713
2021-03-24T17:00:50.319604,BrokenClouds,0.32786939431170525
2021-03-24T17:00:55.318152,Rain,0.21857959620780357
2021-03-24T17:01:00.313746,Mist,0.05464489905195089
2021-03-24T17:01:05.304786,Mist,0.05464489905195089
2021-03-24T17:01:10.312235,BrokenClouds,0.32786939431170525
2021-03-24T17:01:15.305999,FewClouds,0.8743183848312143
2021-03-24T17:01:20.313205,Thunderstorm,0.010928979810390179
2021-03-24T17:01:25.314823,Mist,0.05464489905195089
2021-03-24T17:01:30.304822,ShowerRain,0.10928979810390178
2021-03-24T17:01:35.315954,Snow,0.43715919241560713
2021-03-24T17:01:40.313168,ShowerRain,0.10928979810390178
2021-03-24T17:01:45.311646,FewClouds,0.8743183848312143
2021-03-24T17:01:50.317014,ScatteredClouds,0.43715919241560713
2021-03-24T17:01:55.313035,ScatteredClouds,0.43715919241560713
2021-03-24T17:02:00.314969,FewClouds,0.8743183848312143
2021-03-24T17:02:05.312601,Thunderstorm,0.010928979810390179
2021-03-24T17:02:10.310449,ShowerRain,0.10928979810390178
2021-03-24T17:02:15.312952,ShowerRain,0.10928979810390178
2021-03-24T17:02:20.313617,BrokenClouds,0.32786939431170525
2021-03-24T17:02:25.311911,Mist,0.05464489905195089
2021-03-24T17:02:30.312054,BrokenClouds,0.32786939431170525
2021-03-24T17:02:35.312061,FewClouds,0.8743183848312143
2021-03-24T17:02:40.313422,Rain,0.21857959620780357
2021-03-24T17:02:45.319033,FewClouds,0.8743183848312143
2021-03-24T17:02:50.311711,FewClouds,0.8743183848312143
2021-03-24T17:02:55.313451,ScatteredClouds,0.43715919241560713
2021-03-24T17:03:00.314384,Rain,0.21857959620780357
2021-03-24T17:03:05.313440,Snow,0.43715919241560713
2021-03-24T17:03:10.324328,ClearSky,1.0928979810390178
2021-03-24T17:03:15.315318,Mist,0.05464489905195089
2021-03-24T17:03:20.311154,BrokenClouds,0.32786939431170525
2021-03-24T17:03:25.319189,Rain,0.21857959620780357
2021-03-24T17:03:30.319516,Thunderstorm,0.010928979810390179
2021-03-24T17:03:35.307571,ShowerRain,0.10928979810390178
2021-03-24T17:03:40.311048,ShowerRain,0.10928979810390178
2021-03-24T17:03:45.313865,FewClouds,0.8743183848312143
2021-03-24T17:03:50.309808,BrokenClouds,0.32786939431170525
2021-03-24T17:03:55.312500,ShowerRain,0.10928979810390178
2021-03-24T17:04:00.312286,ClearSky,1.0928979810390178
2021-03-24T17:04:05.318194,ShowerRain,0.10928979810390178
2021-03-24T17:04:10.326561,BrokenClouds,0.32786939431170525
2021-03-24T17:04:15.316080,ShowerRain,0.10928979810390178
2021-03-24T17:04:20.325944,Rain,0.21857959620780357
2021-03-24T17:04:25.314024,Thunderstorm,0.010928979810390179
2021-03-24T17:04:30.314469,BrokenClouds,0.32786939431170525
2021-03-24T17:04:35.308069,Snow,0.43715919241560713
2021-03-24T17:04:40.316893,ShowerRain,0.10928979810390178
2021-03-24T17:04:45.318693,Mist,0.05464489905195089
2021-03-24T17:04:50.314149,FewClouds,0.8743183848312143
2021-03-24T17:04:55.317561,ScatteredClouds,0.43715919241560713
2021-03-24T17:05:00.311666,FewClouds,0.8743183848312143
2021-03-24T17:05:05.311573,FewClouds,0.8743183848312143
2021-03-24T17:05:10.304440,Thunderstorm,0.010928979810390179
2021-03-24T17:05:15.318431,ShowerRain,0.10928979810390178
2021-03-24T17:05:20.318100,BrokenClouds,0.32786939431170525
2021-03-24T17:05:25.308452,ClearSky,1.0928979810390178
2021-03-24T17:05:30.314260,Rain,0.21857959620780357
2021-03-24T17:05:35.316557,FewClouds,0.8743183848312143
2021-03-24T17:05:40.305155,FewClouds,0.8743183848312143
2021-03-24T17:05:45.310078,Snow,0.43715919241560713
2021-03-24T17:05:50.319594,Snow,0.43715919241560713
2021-03-24T17:05:55.313444,ShowerRain,0.10928979810390178
2021-03-24T17:06:00.315768,BrokenClouds,0.32786939431170525
2021-03-24T17:06:05.305043,Snow,0.43715919241560713
2021-03-24T17:06:10.316164,Thunderstorm,0.010928979810390179
2021-03-24T17:06:15.302536,Mist,0.05464489905195089
2021-03-24T17:06:20.303619,ClearSky,1.0928979810390178
2021-03-24T17:06:25.314890,BrokenClouds,0.32786939431170525
2021-03-24T17:06:30.314423,Snow,0.43715919241560713
2021-03-24T17:06:35.313698,FewClouds,0.8743183848312143
2021-03-24T17:06:40.311588,Thunderstorm,0.010928979810390179
2021-03-24T17:06:45.308017,Snow,0.43715919241560713
2021-03-24T17:06:50.312117,Snow,0.43715919241560713
2021-03-24T17:06:55.312017,ScatteredClouds,0.43715919241560713
2021-03-24T17:07:00.307992,Rain,0.21857959620780357
2021-03-24T17:07:05.315130,ClearSky,1.0928979810390178
2021-03-24T17:07:10.305595,ClearSky,1.0928979810390178
2021-03-24T17:07:15.309499,ShowerRain,0.10928979810390178
2021-03-24T17:07:20.311904,ClearSky,1.0928979810390178
2021-03-24T17:07:25.312569,Mist,0.05464489905195089
2021-03-24T17:07:30.311627,BrokenClouds,0.32786939431170525
2021-03-24T17:07:35.317697,Rain,0.21857959620780357
2021-03-24T17:07:40.321010,ShowerRain,0.10928979810390178
2021-03-24T17:07:45.312265,BrokenClouds,0.32786939431170525
2021-03-24T17:07:50.306253,ScatteredClouds,0.43715919241560713
2021-03-24T17:07:55.312100,ShowerRain,0.10928979810390178
2021-03-24T17:08:00.316155,FewClouds,0.8743183848312143
2021-03-24T17:08:05.314402,ShowerRain,0.10928979810390178
2021-03-24T17:08:10.309211,Rain,0.21857959620780357
2021-03-24T17:08:15.317046,Mist,0.05464489905195089
2021-03-24T17:08:20.312328,Rain,0.21857959620780357
2021-03-24T17:08:25.320018,BrokenClouds,0.32786939431170525
2021-03-24T17:08:30.309916,FewClouds,0.8743183848312143
2021-03-24T17:08:35.317667,Snow,0.43715919241560713
2021-03-24T17:08:40.314955,ShowerRain,0.10928979810390178
2021-03-24T17:08:45.308985,Mist,0.05464489905195089
2021-03-24T17:08:50.306603,ScatteredClouds,0.43715919241560713
2021-03-24T17:08:55.321561,FewClouds,0.8743183848312143
2021-03-24T17:09:00.304352,Mist,0.05464489905195089
2021-03-24T17:09:05.318123,ClearSky,1.0928979810390178
2021-03-24T17:09:10.315518,ShowerRain,0.10928979810390178
2021-03-24T17:09:15.316162,Mist,0.05464489905195089
2021-03-24T17:09:39.335924,ClearSky,1.0928979810390178
2021-03-24T17:09:43.940408,ScatteredClouds,0.43715919241560713
2021-03-24T17:09:48.948582,FewClouds,0.8743183848312143
2021-03-24T17:09:53.945981,Thunderstorm,0.010928979810390179
2021-03-24T17:09:58.947698,Snow,0.43715919241560713
2021-03-24T17:10:03.951654,Thunderstorm,0.010928979810390179
2021-03-24T17:10:08.933304,Mist,0.05464489905195089
2021-03-24T17:10:13.934269,Thunderstorm,0.010928979810390179
2021-03-24T17:10:18.940036,ShowerRain,0.10928979810390178
2021-03-24T17:10:23.943689,Mist,0.05464489905195089
2021-03-24T17:10:28.938461,ShowerRain,0.10928979810390178
2021-03-24T17:10:33.945207,Mist,0.05464489905195089
2021-03-24T17:10:38.947317,Mist,0.05464489905195089
2021-03-24T17:10:43.971100,ScatteredClouds,0.43715919241560713
2021-03-24T17:10:48.942014,ShowerRain,0.10928979810390178
2021-03-24T17:10:53.947123,FewClouds,0.8743183848312143
2021-03-24T17:10:58.942498,Rain,0.21857959620780357
2021-03-24T17:11:03.933838,ClearSky,1.0928979810390178
2021-03-24T17:11:08.948010,ShowerRain,0.10928979810390178
2021-03-24T17:11:13.940225,ScatteredClouds,0.43715919241560713
2021-03-24T17:11:36.053501,ClearSky,1.0928979810390178
2021-03-24T17:11:40.809476,Rain,0.21857959620780357
2021-03-24T17:11:45.818011,Thunderstorm,0.010928979810390179
2021-03-24T17:11:50.821287,Thunderstorm,0.010928979810390179
2021-03-24T17:11:55.811746,Thunderstorm,0.010928979810390179
2021-03-24T17:12:00.818959,BrokenClouds,0.32786939431170525
2021-03-24T17:12:05.813003,Rain,0.21857959620780357
2021-03-24T17:12:10.808631,ClearSky,1.0928979810390178
2021-03-24T17:12:15.820729,ScatteredClouds,0.43715919241560713
2021-03-24T17:12:20.808355,ShowerRain,0.10928979810390178
2021-03-24T17:12:25.815845,FewClouds,0.8743183848312143
2021-03-24T17:12:30.805676,FewClouds,0.8743183848312143
2021-03-24T17:12:35.811564,ClearSky,1.0928979810390178
2021-03-24T17:12:40.830151,ShowerRain,0.10928979810390178
2021-03-24T17:12:45.812071,Rain,0.21857959620780357
2021-03-24T17:12:50.813092,ScatteredClouds,0.43715919241560713
2021-03-24T17:12:55.806994,Rain,0.21857959620780357
2021-03-24T17:13:00.801758,Rain,0.21857959620780357
2021-03-24T17:13:05.816135,Thunderstorm,0.010928979810390179
2021-03-24T17:13:10.809134,Rain,0.21857959620780357
2021-03-24T17:13:15.804953,FewClouds,0.8743183848312143
2021-03-24T17:13:20.805152,BrokenClouds,0.32786939431170525
2021-03-24T17:13:25.798669,Snow,0.43715919241560713
2021-03-24T17:13:30.816581,BrokenClouds,0.32786939431170525
2021-03-24T17:13:35.811474,Thunderstorm,0.010928979810390179
2021-03-24T17:13:40.799595,ScatteredClouds,0.43715919241560713
2021-03-24T17:13:45.821075,ScatteredClouds,0.43715919241560713
2021-03-24T17:13:50.805306,Rain,0.21857959620780357
2021-03-24T17:13:55.798478,Thunderstorm,0.010928979810390179
2021-03-24T17:14:00.812395,ShowerRain,0.10928979810390178
2021-03-24T17:14:05.824576,Mist,0.05464489905195089
2021-03-24T17:14:10.805574,Rain,0.21857959620780357
2021-03-24T17:14:15.796986,Snow,0.43715919241560713
2021-03-24T17:14:20.800915,BrokenClouds,0.32786939431170525
2021-03-24T17:14:25.815780,ShowerRain,0.10928979810390178
2021-03-24T17:14:30.802077,Thunderstorm,0.010928979810390179
2021-03-24T17:14:35.809203,Thunderstorm,0.010928979810390179
2021-03-24T17:14:40.805213,ShowerRain,0.10928979810390178
2021-03-24T17:14:45.805966,ShowerRain,0.10928979810390178
2021-03-24T17:14:50.814533,Rain,0.21857959620780357
2021-03-24T17:14:55.810095,BrokenClouds,0.32786939431170525
2021-03-24T17:15:00.811106,FewClouds,0.8743183848312143
2021-03-24T17:15:05.801730,ScatteredClouds,0.43715919241560713
2021-03-24T17:15:10.806059,Snow,0.43715919241560713
2021-03-24T17:15:15.809072,BrokenClouds,0.32786939431170525
2021-03-24T17:15:20.808957,BrokenClouds,0.32786939431170525
2021-03-24T17:15:25.798284,Mist,0.05464489905195089
2021-03-24T17:15:30.808647,ScatteredClouds,0.43715919241560713
2021-03-24T17:15:35.800366,ShowerRain,0.10928979810390178
2021-03-24T17:15:40.811815,Thunderstorm,0.010928979810390179
2021-03-24T17:15:45.796855,ShowerRain,0.10928979810390178
2021-03-24T17:15:50.816612,ShowerRain,0.10928979810390178
2021-03-24T17:15:55.801720,Thunderstorm,0.010928979810390179
2021-03-24T17:16:00.809206,Rain,0.21857959620780357
2021-03-24T17:16:05.806935,FewClouds,0.8743183848312143
2021-03-24T17:16:10.802720,ShowerRain,0.10928979810390178
2021-03-24T17:16:15.810014,BrokenClouds,0.32786939431170525
2021-03-24T17:16:20.808391,Thunderstorm,0.010928979810390179
2021-03-24T17:16:25.801162,Snow,0.43715919241560713
2021-03-24T17:16:30.808531,ScatteredClouds,0.43715919241560713
2021-03-24T17:16:35.810810,ShowerRain,0.10928979810390178
2021-03-24T17:16:40.810747,Rain,0.21857959620780357
2021-03-24T17:16:45.802653,Snow,0.43715919241560713
2021-03-24T17:16:50.798209,ShowerRain,0.10928979810390178
2021-03-24T17:16:55.806649,ShowerRain,0.10928979810390178
2021-03-24T17:17:00.799396,Mist,0.05464489905195089
2021-03-24T17:17:05.798551,ShowerRain,0.10928979810390178
2021-03-24T17:17:10.810489,ScatteredClouds,0.43715919241560713
2021-03-24T17:17:15.799912,BrokenClouds,0.32786939431170525
2021-03-24T17:17:20.800969,FewClouds,0.8743183848312143
2021-03-24T17:17:25.802939,Rain,0.21857959620780357
2021-03-24T17:17:30.801611,ClearSky,1.0928979810390178
2021-03-24T17:17:35.800379,FewClouds,0.8743183848312143
2021-03-24T17:17:40.808064,ShowerRain,0.10928979810390178
2021-03-24T17:17:45.812602,Rain,0.21857959620780357
2021-03-24T17:17:50.813815,BrokenClouds,0.32786939431170525
2021-03-24T17:17:55.814108,Snow,0.43715919241560713
2021-03-24T17:18:00.812344,Thunderstorm,0.010928979810390179
2021-03-24T17:18:05.812037,ClearSky,1.0928979810390178
2021-03-24T17:18:10.803060,ShowerRain,0.10928979810390178
2021-03-24T17:18:15.807336,Thunderstorm,0.010928979810390179
2021-03-24T17:18:20.805094,Mist,0.05464489905195089
2021-03-24T17:18:25.809423,Snow,0.43715919241560713
2021-03-24T17:18:30.814643,Rain,0.21857959620780357
2021-03-24T17:18:35.801080,Rain,0.21857959620780357
2021-03-24T17:18:40.798769,BrokenClouds,0.32786939431170525
2021-03-24T17:18:45.809355,Mist,0.05464489905195089
2021-03-24T17:18:50.812799,FewClouds,0.8743183848312143
2021-03-24T17:18:55.800792,Rain,0.21857959620780357
2021-03-24T17:19:00.804435,Rain,0.21857959620780357
2021-03-24T17:19:05.800746,ScatteredClouds,0.43715919241560713
2021-03-24T17:19:10.801762,Thunderstorm,0.010928979810390179
2021-03-24T17:19:15.793110,Rain,0.21857959620780357
2021-03-24T17:19:20.807072,FewClouds,0.8743183848312143
2021-03-24T17:19:25.796763,Rain,0.21857959620780357
2021-03-24T17:19:30.804582,Thunderstorm,0.010928979810390179
2021-03-24T17:19:35.799626,Snow,0.43715919241560713
2021-03-24T17:19:40.800131,BrokenClouds,0.32786939431170525
2021-03-24T17:19:45.806078,ShowerRain,0.10928979810390178
2021-03-24T17:19:50.793022,Thunderstorm,0.010928979810390179
2021-03-24T17:19:55.800042,ShowerRain,0.10928979810390178
2021-03-24T17:20:00.798954,BrokenClouds,0.32786939431170525
2021-03-24T17:20:05.799491,Mist,0.05464489905195089
2021-03-24T17:20:10.792023,FewClouds,0.8743183848312143
2021-03-24T17:20:15.810074,FewClouds,0.8743183848312143
2021-03-24T17:20:20.806276,Thunderstorm,0.010928979810390179
2021-03-24T17:20:25.806250,Thunderstorm,0.010928979810390179
2021-03-24T17:20:30.808720,Mist,0.05464489905195089
2021-03-24T17:20:35.798860,ClearSky,1.0928979810390178
2021-03-24T17:20:40.800265,BrokenClouds,0.32786939431170525
2021-03-24T17:20:45.800639,ShowerRain,0.10928979810390178
2021-03-24T17:20:50.803441,ShowerRain,0.10928979810390178
2021-03-24T17:20:55.800530,ScatteredClouds,0.43715919241560713
2021-03-24T17:21:00.815278,Snow,0.43715919241560713
2021-03-24T17:21:05.805831,Mist,0.05464489905195089
2021-03-24T17:21:10.804853,FewClouds,0.8743183848312143
2021-03-24T17:21:15.808303,Mist,0.05464489905195089
2021-03-24T17:21:20.807517,Snow,0.43715919241560713
2021-03-24T17:21:25.807595,ClearSky,1.0928979810390178
2021-03-24T17:21:30.795204,ShowerRain,0.10928979810390178
2021-03-24T17:21:35.797929,ClearSky,1.0928979810390178
2021-03-24T17:21:40.916587,Snow,0.43715919241560713
2021-03-24T17:21:45.813321,Rain,0.21857959620780357
2021-03-24T17:21:50.813321,BrokenClouds,0.32786939431170525
2021-03-24T17:21:55.813141,Snow,0.43715919241560713
2021-03-24T17:22:00.794377,Rain,0.21857959620780357
2021-03-24T17:22:05.876941,ScatteredClouds,0.43715919241560713
2021-03-24T17:22:10.807839,BrokenClouds,0.32786939431170525
2021-03-24T17:22:15.935385,BrokenClouds,0.32786939431170525
2021-03-24T17:22:20.812695,Thunderstorm,0.010928979810390179
2021-03-24T17:22:25.796685,FewClouds,0.8743183848312143
2021-03-24T17:22:30.816629,ShowerRain,0.10928979810390178
2021-03-24T17:22:35.798508,Mist,0.05464489905195089
2021-03-24T17:22:40.802961,ClearSky,1.0928979810390178
2021-03-24T17:22:45.819405,Thunderstorm,0.010928979810390179
2021-03-24T17:22:50.801731,ClearSky,1.0928979810390178
2021-03-24T17:22:55.797727,ScatteredClouds,0.43715919241560713
2021-03-24T17:23:00.808245,ScatteredClouds,0.43715919241560713
2021-03-24T17:23:05.802055,BrokenClouds,0.32786939431170525
2021-03-24T17:23:10.793733,Thunderstorm,0.010928979810390179
2021-03-24T17:23:15.850025,Thunderstorm,0.010928979810390179
2021-03-24T17:23:20.801063,ClearSky,1.0928979810390178
2021-03-24T17:23:25.799401,Mist,0.05464489905195089
2021-03-24T17:23:30.942052,BrokenClouds,0.32786939431170525
2021-03-24T17:23:35.804326,Thunderstorm,0.010928979810390179
2021-03-24T17:23:40.800802,BrokenClouds,0.32786939431170525
2021-03-24T17:23:45.802837,Mist,0.05464489905195089
2021-03-24T17:23:50.809971,Rain,0.21857959620780357
2021-03-24T17:23:55.817603,BrokenClouds,0.32786939431170525
2021-03-24T17:24:00.794621,Thunderstorm,0.010928979810390179
2021-03-24T17:24:05.796310,ScatteredClouds,0.43715919241560713
2021-03-24T17:24:10.794381,Mist,0.05464489905195089
2021-03-24T17:24:15.806571,BrokenClouds,0.32786939431170525
2021-03-24T17:24:20.796496,Rain,0.21857959620780357
2021-03-24T17:24:25.806794,Mist,0.05464489905195089
2021-03-24T17:24:30.805866,FewClouds,0.8743183848312143
2021-03-24T17:24:35.797874,Mist,0.05464489905195089
2021-03-24T17:24:40.811187,Thunderstorm,0.010928979810390179
2021-03-24T17:24:59.668765,Rain,0.21857959620780357
2021-03-24T17:25:04.379965,ScatteredClouds,0.43715919241560713
2021-03-24T17:25:09.374664,FewClouds,0.8743183848312143
2021-03-24T17:25:14.371422,Rain,0.21857959620780357
2021-03-24T17:25:19.379016,BrokenClouds,0.32786939431170525
2021-03-24T17:25:24.365883,ShowerRain,0.10928979810390178
2021-03-24T17:25:29.369538,BrokenClouds,0.32786939431170525
2021-03-24T17:25:34.388780,ClearSky,1.0928979810390178
2021-03-24T17:25:39.369971,ClearSky,1.0928979810390178
2021-03-24T17:25:44.374735,ClearSky,1.0928979810390178
2021-03-24T17:25:49.365535,ShowerRain,0.10928979810390178
2021-03-24T17:25:54.367191,ScatteredClouds,0.43715919241560713
2021-03-24T17:25:59.368669,Rain,0.21857959620780357
2021-03-24T17:26:04.371800,ScatteredClouds,0.43715919241560713
2021-03-24T17:26:09.367455,Thunderstorm,0.010928979810390179
2021-03-24T17:26:14.369055,Rain,0.21857959620780357
2021-03-24T17:26:19.372633,Mist,0.05464489905195089
2021-03-24T17:26:24.365432,ScatteredClouds,0.43715919241560713
2021-03-24T17:26:29.367390,ScatteredClouds,0.43715919241560713
2021-03-24T17:26:34.369093,Rain,0.21857959620780357
2021-03-24T17:26:39.370180,BrokenClouds,0.32786939431170525
2021-03-24T17:26:44.369063,FewClouds,0.8743183848312143
2021-03-24T17:26:59.471997,Thunderstorm,0.010928979810390179
2021-03-24T17:27:04.222192,Rain,0.21857959620780357
2021-03-24T17:27:09.221590,BrokenClouds,0.32786939431170525
2021-03-24T17:27:14.226572,Rain,0.21857959620780357
2021-03-24T17:27:19.211805,Thunderstorm,0.010928979810390179
2021-03-24T17:27:24.241064,Thunderstorm,0.010928979810390179
2021-03-24T17:27:29.274077,BrokenClouds,0.32786939431170525
2021-03-24T17:27:48.977610,BrokenClouds,0.32786939431170525
2021-03-24T17:27:53.700027,ClearSky,1.0928979810390178
2021-03-24T17:27:58.699426,BrokenClouds,0.32786939431170525
2021-03-24T17:28:03.695093,Thunderstorm,0.010928979810390179
2021-03-24T17:28:08.693074,ScatteredClouds,0.43715919241560713
2021-03-24T17:28:13.696707,FewClouds,0.8743183848312143
2021-03-24T17:28:18.693623,ScatteredClouds,0.43715919241560713
2021-03-24T17:28:23.695592,FewClouds,0.8743183848312143
2021-03-24T17:28:28.692128,Rain,0.21857959620780357
2021-03-24T17:28:33.685647,Rain,0.21857959620780357
2021-03-24T17:28:38.683611,Thunderstorm,0.010928979810390179
2021-03-24T17:28:43.698479,FewClouds,0.8743183848312143
2021-03-24T17:28:48.693186,Thunderstorm,0.010928979810390179
2021-03-24T17:28:53.690756,Mist,0.05464489905195089
2021-03-24T17:28:58.691430,Thunderstorm,0.010928979810390179
2021-03-24T17:29:14.031192,Thunderstorm,0.010928979810390179
2021-03-24T17:29:18.769092,Snow,0.43715919241560713
2021-03-24T17:29:23.780248,ShowerRain,0.10928979810390178
2021-03-24T17:29:28.777883,ScatteredClouds,0.43715919241560713
2021-03-24T17:29:33.768419,Mist,0.05464489905195089
2021-03-24T17:29:38.755972,Thunderstorm,0.010928979810390179
2021-03-24T17:29:43.761750,ScatteredClouds,0.43715919241560713
2021-03-24T17:29:48.767478,Rain,0.21857959620780357
2021-03-24T17:29:53.759671,Snow,0.43715919241560713
2021-03-24T17:29:58.755622,BrokenClouds,0.32786939431170525
2021-03-24T17:30:03.763420,Rain,0.21857959620780357
2021-03-24T17:30:08.769906,ClearSky,1.0928979810390178
2021-03-24T17:30:13.756308,Mist,0.05464489905195089
2021-03-24T17:30:18.760418,Thunderstorm,0.010928979810390179
2021-03-24T17:30:23.773020,BrokenClouds,0.32786939431170525
2021-03-24T17:30:28.768782,Thunderstorm,0.010928979810390179
2021-03-24T17:30:33.753766,ClearSky,1.0928979810390178
2021-03-24T17:30:38.761477,ShowerRain,0.10928979810390178
2021-03-24T17:30:43.760373,Thunderstorm,0.010928979810390179
2021-03-24T17:30:48.754769,ScatteredClouds,0.43715919241560713
2021-03-24T17:30:53.766361,Thunderstorm,0.010928979810390179
2021-03-24T17:30:58.762646,BrokenClouds,0.32786939431170525
2021-03-24T17:31:03.754504,Thunderstorm,0.010928979810390179
2021-03-24T17:31:08.753824,Mist,0.05464489905195089
2021-03-24T17:31:13.878330,BrokenClouds,0.32786939431170525
2021-03-24T17:31:18.761606,Thunderstorm,0.010928979810390179
2021-03-24T17:31:23.756349,Snow,0.43715919241560713
2021-03-24T17:31:28.753669,Rain,0.21857959620780357
2021-03-24T17:31:33.753668,BrokenClouds,0.32786939431170525
2021-03-24T17:31:38.750878,ClearSky,1.0928979810390178
2021-03-24T17:31:43.766298,ScatteredClouds,0.43715919241560713
2021-03-24T17:31:48.754571,ScatteredClouds,0.43715919241560713
2021-03-24T17:31:53.764839,Thunderstorm,0.010928979810390179
2021-03-24T17:31:58.753493,ShowerRain,0.10928979810390178
2021-03-24T17:32:03.757443,Rain,0.21857959620780357
2021-03-24T17:32:08.755474,Thunderstorm,0.010928979810390179
2021-03-24T17:32:13.758540,FewClouds,0.8743183848312143
2021-03-24T17:32:18.751658,Rain,0.21857959620780357
2021-03-24T17:32:23.752982,ScatteredClouds,0.43715919241560713
2021-03-24T17:32:28.761629,ShowerRain,0.10928979810390178
2021-03-24T17:32:33.768727,BrokenClouds,0.32786939431170525
2021-03-24T17:32:38.762219,FewClouds,0.8743183848312143
2021-03-24T17:32:43.763031,Rain,0.21857959620780357
2021-03-24T17:32:48.755139,BrokenClouds,0.32786939431170525
2021-03-24T17:32:53.758590,Mist,0.05464489905195089
2021-03-24T17:32:58.766033,Mist,0.05464489905195089
2021-03-24T17:33:03.764954,ShowerRain,0.10928979810390178
2021-03-24T17:33:08.757368,FewClouds,0.8743183848312143
2021-03-24T17:33:13.762155,Mist,0.05464489905195089
2021-03-24T17:33:33.969639,BrokenClouds,0.32786939431170525
2021-03-24T17:33:38.636440,ShowerRain,0.10928979810390178
2021-03-24T17:33:43.641923,BrokenClouds,0.32786939431170525
2021-03-24T17:33:48.646988,Thunderstorm,0.010928979810390179
2021-03-24T17:33:53.643207,FewClouds,0.8743183848312143
2021-03-24T17:33:58.629141,BrokenClouds,0.32786939431170525
2021-03-24T17:34:03.657837,FewClouds,0.8743183848312143
2021-03-24T17:34:08.638670,BrokenClouds,0.32786939431170525
2021-03-24T17:34:13.634255,ScatteredClouds,0.43715919241560713
2021-03-24T17:34:18.640984,Mist,0.05464489905195089
2021-03-24T17:34:23.633060,ClearSky,1.0928979810390178
2021-03-24T17:34:28.638487,Mist,0.05464489905195089
2021-03-24T17:34:33.630484,ShowerRain,0.10928979810390178
2021-03-24T17:34:38.626028,FewClouds,0.8743183848312143
2021-03-24T17:34:43.641017,ShowerRain,0.10928979810390178
2021-03-24T17:34:48.642325,Mist,0.05464489905195089
2021-03-24T17:34:53.632701,BrokenClouds,0.32786939431170525
2021-03-24T17:34:58.637127,ShowerRain,0.10928979810390178
2021-03-24T17:35:03.636726,BrokenClouds,0.32786939431170525
2021-03-24T17:35:08.634273,Thunderstorm,0.010928979810390179
2021-03-24T17:35:13.642451,Mist,0.05464489905195089
2021-03-24T17:35:18.639387,ScatteredClouds,0.43715919241560713
2021-03-24T17:35:23.632647,BrokenClouds,0.32786939431170525
2021-03-24T17:35:28.628052,Snow,0.43715919241560713
2021-03-24T17:35:33.638130,ShowerRain,0.10928979810390178
2021-03-24T17:35:38.626547,ShowerRain,0.10928979810390178
2021-03-24T17:35:43.640915,ClearSky,1.0928979810390178
2021-03-24T17:35:48.638352,FewClouds,0.8743183848312143
2021-03-24T17:35:53.640070,Mist,0.05464489905195089
2021-03-24T17:35:58.637823,Mist,0.05464489905195089
2021-03-24T17:36:03.626516,FewClouds,0.8743183848312143
2021-03-24T17:36:08.632496,Mist,0.05464489905195089
2021-03-24T17:36:13.624308,FewClouds,0.8743183848312143
2021-03-24T17:36:18.642877,Thunderstorm,0.010928979810390179
2021-03-24T17:36:23.638585,Thunderstorm,0.010928979810390179
2021-03-24T17:36:28.626520,ClearSky,1.0928979810390178
2021-03-24T17:36:33.624021,Rain,0.21857959620780357
2021-03-24T17:36:38.632999,Mist,0.05464489905195089
2021-03-24T17:36:43.637046,Thunderstorm,0.010928979810390179
2021-03-24T17:36:48.637405,Mist,0.05464489905195089
2021-03-24T17:36:53.639108,FewClouds,0.8743183848312143
2021-03-24T17:36:58.632127,Snow,0.43715919241560713
2021-03-24T17:37:03.635090,Snow,0.43715919241560713
2021-03-24T17:37:08.638712,FewClouds,0.8743183848312143
2021-03-24T17:37:13.632540,ScatteredClouds,0.43715919241560713
2021-03-24T17:37:18.630546,Mist,0.05464489905195089
2021-03-24T17:37:23.637294,Mist,0.05464489905195089
2021-03-24T17:37:28.628987,ScatteredClouds,0.43715919241560713
2021-03-24T17:37:33.641229,ShowerRain,0.10928979810390178
2021-03-24T17:37:38.670820,Rain,0.21857959620780357
2021-03-24T17:37:43.640440,Rain,0.21857959620780357
2021-03-24T17:37:48.642435,Thunderstorm,0.010928979810390179
2021-03-24T17:37:53.630675,Rain,0.21857959620780357
2021-03-24T17:37:58.634026,Rain,0.21857959620780357
2021-03-24T17:38:03.625924,BrokenClouds,0.32786939431170525
2021-03-24T17:38:08.640666,Snow,0.43715919241560713
2021-03-24T17:38:13.629458,ClearSky,1.0928979810390178
2021-03-24T17:38:18.637487,ShowerRain,0.10928979810390178
2021-03-24T17:38:23.627789,Rain,0.21857959620780357
2021-03-24T17:38:28.650843,ClearSky,1.0928979810390178
2021-03-24T17:38:33.636550,Mist,0.05464489905195089
2021-03-24T17:38:38.636396,BrokenClouds,0.32786939431170525
2021-03-24T17:38:43.639052,BrokenClouds,0.32786939431170525
2021-03-24T17:38:48.631799,Mist,0.05464489905195089
2021-03-24T17:38:53.624898,Rain,0.21857959620780357
2021-03-24T17:38:58.624572,BrokenClouds,0.32786939431170525
2021-03-24T17:39:03.626429,Snow,0.43715919241560713
2021-03-24T17:39:08.639270,ScatteredClouds,0.43715919241560713
2021-03-24T17:39:13.631809,Mist,0.05464489905195089
2021-03-24T17:39:18.628422,ShowerRain,0.10928979810390178
2021-03-24T17:39:23.634711,ClearSky,1.0928979810390178
2021-03-24T17:39:28.647328,Rain,0.21857959620780357
2021-03-24T17:39:33.638729,ShowerRain,0.10928979810390178
2021-03-24T17:39:38.628966,Mist,0.05464489905195089
2021-03-24T17:39:43.631221,ClearSky,1.0928979810390178
2021-03-24T17:39:48.626583,BrokenClouds,0.32786939431170525
2021-03-24T17:39:53.633386,ShowerRain,0.10928979810390178
2021-03-24T17:39:58.625719,BrokenClouds,0.32786939431170525
2021-03-24T17:40:03.637726,Mist,0.05464489905195089
2021-03-24T17:40:08.630765,FewClouds,0.8743183848312143
2021-03-24T17:40:13.635386,Mist,0.05464489905195089
2021-03-24T17:40:18.638180,ClearSky,1.0928979810390178
2021-03-24T17:40:23.628604,Mist,0.05464489905195089
2021-03-24T17:40:28.628481,Snow,0.43715919241560713
2021-03-24T17:40:33.625948,BrokenClouds,0.32786939431170525
2021-03-24T17:40:38.626059,Mist,0.05464489905195089
2021-03-24T17:40:43.627645,ScatteredClouds,0.43715919241560713
2021-03-24T17:40:48.632078,Rain,0.21857959620780357
2021-03-24T17:40:53.625464,Thunderstorm,0.010928979810390179
2021-03-24T17:40:58.630151,Rain,0.21857959620780357
2021-03-24T17:41:03.623668,FewClouds,0.8743183848312143
2021-03-24T17:41:08.626516,BrokenClouds,0.32786939431170525
2021-03-24T17:41:13.622944,Thunderstorm,0.010928979810390179
2021-03-24T17:41:18.630024,Mist,0.05464489905195089
2021-03-24T17:41:23.630146,ClearSky,1.0928979810390178
2021-03-24T17:41:28.634424,FewClouds,0.8743183848312143
2021-03-24T17:41:33.620974,Mist,0.05464489905195089
2021-03-24T17:41:38.630540,Rain,0.21857959620780357
2021-03-24T17:41:43.631824,BrokenClouds,0.32786939431170525
2021-03-24T17:41:48.619969,Thunderstorm,0.010928979810390179
2021-03-24T17:41:53.636135,FewClouds,0.8743183848312143
2021-03-24T17:41:58.629596,ShowerRain,0.10928979810390178
2021-03-24T17:42:03.628580,FewClouds,0.8743183848312143
2021-03-24T17:42:08.620754,FewClouds,0.8743183848312143
2021-03-24T17:42:13.631052,FewClouds,0.8743183848312143
2021-03-24T17:42:18.632993,Rain,0.21857959620780357
2021-03-24T17:42:23.630052,ScatteredClouds,0.43715919241560713
2021-03-24T17:42:28.627984,Mist,0.05464489905195089
2021-03-24T17:42:33.628474,Thunderstorm,0.010928979810390179
2021-03-24T17:42:38.631489,Mist,0.05464489905195089
2021-03-24T17:42:43.630586,BrokenClouds,0.32786939431170525
2021-03-24T17:42:48.626484,Snow,0.43715919241560713
2021-03-24T17:42:53.628475,ClearSky,1.0928979810390178
2021-03-24T17:42:58.637505,ScatteredClouds,0.43715919241560713
2021-03-24T17:43:03.634912,ScatteredClouds,0.43715919241560713
2021-03-24T17:43:08.631484,ScatteredClouds,0.43715919241560713
2021-03-24T17:43:13.629120,Mist,0.05464489905195089
2021-03-24T17:43:18.629248,Snow,0.43715919241560713
2021-03-24T17:43:23.624522,Mist,0.05464489905195089
2021-03-24T17:43:28.622944,Thunderstorm,0.010928979810390179
2021-03-24T17:43:33.636191,Rain,0.21857959620780357
2021-03-24T17:43:38.634671,BrokenClouds,0.32786939431170525
2021-03-24T17:43:43.626594,ClearSky,1.0928979810390178
2021-03-24T17:43:48.651826,Thunderstorm,0.010928979810390179
2021-03-24T17:43:53.630652,Snow,0.43715919241560713
2021-03-24T17:43:58.629355,Thunderstorm,0.010928979810390179
2021-03-24T17:44:03.633852,Snow,0.43715919241560713
2021-03-24T17:44:08.623566,FewClouds,0.8743183848312143
2021-03-24T17:44:13.637975,Snow,0.43715919241560713
2021-03-24T17:44:18.622327,ShowerRain,0.10928979810390178
2021-03-24T17:44:23.622873,ShowerRain,0.10928979810390178
2021-03-24T17:44:28.627255,ShowerRain,0.10928979810390178
2021-03-24T17:44:33.627667,Rain,0.21857959620780357
2021-03-24T17:44:38.631271,Rain,0.21857959620780357
2021-03-24T17:44:43.625168,Thunderstorm,0.010928979810390179
2021-03-24T17:44:48.633903,ClearSky,1.0928979810390178
2021-03-24T17:44:53.623513,Thunderstorm,0.010928979810390179
2021-03-24T17:44:58.620422,Rain,0.21857959620780357
2021-03-24T17:45:03.624066,Snow,0.43715919241560713
2021-03-24T17:45:08.633122,ClearSky,1.0928979810390178
2021-03-24T17:45:13.635893,ClearSky,1.0928979810390178
2021-03-24T17:45:18.634299,Thunderstorm,0.010928979810390179
2021-03-24T17:45:23.624271,ShowerRain,0.10928979810390178
2021-03-24T17:45:28.627170,ClearSky,1.0928979810390178
2021-03-24T17:45:33.632224,Snow,0.43715919241560713
2021-03-24T17:45:38.631467,ClearSky,1.0928979810390178
2021-03-24T17:45:43.628117,BrokenClouds,0.32786939431170525
2021-03-24T17:45:48.622778,Snow,0.43715919241560713
2021-03-24T17:45:53.634300,BrokenClouds,0.32786939431170525
2021-03-24T17:45:58.626743,Mist,0.05464489905195089
2021-03-24T17:46:03.625434,ShowerRain,0.10928979810390178
2021-03-24T17:46:08.629355,Snow,0.43715919241560713
2021-03-24T17:46:13.624487,Mist,0.05464489905195089
2021-03-24T17:46:34.390784,Thunderstorm,0.010928979810390179
2021-03-24T17:46:39.071447,Thunderstorm,0.010928979810390179
2021-03-24T17:46:44.063231,BrokenClouds,0.32786939431170525
2021-03-24T17:46:49.068028,Thunderstorm,0.010928979810390179
2021-03-24T17:46:54.056487,Mist,0.05464489905195089
2021-03-24T17:46:59.072693,ScatteredClouds,0.43715919241560713
2021-03-24T17:47:04.075220,ShowerRain,0.10928979810390178
2021-03-24T17:47:09.060806,ClearSky,1.0928979810390178
2021-03-24T17:47:14.072353,ScatteredClouds,0.43715919241560713
2021-03-24T17:47:19.076621,ShowerRain,0.10928979810390178
2021-03-24T17:47:24.061728,ShowerRain,0.10928979810390178
2021-03-24T17:47:29.069254,Thunderstorm,0.010928979810390179
2021-03-24T17:47:34.057227,Mist,0.05464489905195089
2021-03-24T17:47:39.054405,BrokenClouds,0.32786939431170525
2021-03-24T17:47:44.059621,Mist,0.05464489905195089
2021-03-24T17:47:49.061527,BrokenClouds,0.32786939431170525
2021-03-24T17:47:54.064751,ScatteredClouds,0.43715919241560713
2021-03-24T17:47:59.061191,Rain,0.21857959620780357
2021-03-24T17:48:04.056928,FewClouds,0.8743183848312143
2021-03-24T17:48:09.050799,Thunderstorm,0.010928979810390179
2021-03-24T17:48:14.060005,ShowerRain,0.10928979810390178
2021-03-24T17:48:19.063362,BrokenClouds,0.32786939431170525
2021-03-24T17:48:24.047675,Snow,0.43715919241560713
2021-03-24T17:48:29.062898,Thunderstorm,0.010928979810390179
2021-03-24T17:48:34.054594,BrokenClouds,0.32786939431170525
2021-03-24T17:48:39.054096,BrokenClouds,0.32786939431170525
2021-03-24T17:48:44.049024,ShowerRain,0.10928979810390178
2021-03-24T17:48:49.048543,Mist,0.05464489905195089
2021-03-24T17:48:54.053749,Mist,0.05464489905195089
2021-03-24T17:48:59.050814,Snow,0.43715919241560713
2021-03-24T17:49:04.069552,Rain,0.21857959620780357
2021-03-24T17:49:09.049519,ClearSky,1.0928979810390178
2021-03-24T17:49:14.066672,Mist,0.05464489905195089
2021-03-24T17:49:35.045974,BrokenClouds,0.32786939431170525
2021-03-24T17:49:39.773167,Rain,0.21857959620780357
2021-03-24T17:49:44.768774,ClearSky,1.0928979810390178
2021-03-24T17:49:49.765268,Rain,0.21857959620780357
2021-03-24T17:49:54.766652,Rain,0.21857959620780357
2021-03-24T17:49:59.757144,FewClouds,0.8743183848312143
2021-03-24T17:50:04.759198,BrokenClouds,0.32786939431170525
2021-03-24T17:50:09.760778,ShowerRain,0.10928979810390178
2021-03-24T17:50:14.756123,Thunderstorm,0.010928979810390179
2021-03-24T20:01:12.587967,ShowerRain,9.128261463707657E-4
2021-03-24T20:01:17.414630,BrokenClouds,0.0027384784391122964
2021-03-24T20:01:22.421649,Mist,4.5641307318538285E-4
2021-03-24T20:01:27.414240,ScatteredClouds,0.003651304585483063
2021-03-24T20:01:38.424857,FewClouds,0.007302609170966126
2021-03-24T20:01:43.310044,Mist,4.5641307318538285E-4
2021-03-24T20:01:48.314251,ClearSky,0.009128261463707656
2021-03-24T20:01:53.316240,Mist,4.5641307318538285E-4
2021-03-24T20:01:58.303207,BrokenClouds,0.0027384784391122964
2021-03-24T20:02:03.305669,BrokenClouds,0.0027384784391122964
2021-03-24T20:02:08.316114,Mist,4.5641307318538285E-4
2021-03-24T20:02:13.311209,Snow,0.003651304585483063
2021-03-24T20:02:18.308244,FewClouds,0.007302609170966126
2021-03-24T20:02:23.306062,ClearSky,0.009128261463707656
2021-03-24T20:02:35.131674,Mist,4.5641307318538285E-4
2021-03-24T20:02:39.999557,FewClouds,0.007302609170966126
2021-03-24T20:02:44.987074,Thunderstorm,9.128261463707657E-5
2021-03-24T20:02:49.992455,Rain,0.0018256522927415314
2021-03-24T20:02:54.983035,Thunderstorm,9.128261463707657E-5
2021-03-24T20:02:59.990209,Thunderstorm,9.128261463707657E-5
2021-03-24T20:03:04.983139,Thunderstorm,9.128261463707657E-5
2021-03-24T20:03:09.994025,Snow,0.003651304585483063
2021-03-24T20:03:14.992935,ScatteredClouds,0.003651304585483063
2021-03-24T20:03:19.979229,Mist,4.5641307318538285E-4
2021-03-24T20:03:24.986247,Rain,0.0018256522927415314
2021-03-24T20:03:29.991189,Mist,4.5641307318538285E-4
2021-03-24T20:03:34.981477,Rain,0.0018256522927415314
2021-03-24T20:03:39.982460,ShowerRain,9.128261463707657E-4
2021-03-24T20:03:44.990869,ClearSky,0.009128261463707656
2021-03-24T20:03:49.989294,Rain,0.0018256522927415314
2021-03-24T20:03:54.980210,Mist,4.5641307318538285E-4
2021-03-24T20:03:59.988933,ScatteredClouds,0.003651304585483063
2021-03-24T20:04:04.985047,Thunderstorm,9.128261463707657E-5
2021-03-24T20:04:09.979322,BrokenClouds,0.0027384784391122964
2021-03-24T20:04:14.990167,ClearSky,0.009128261463707656
2021-03-24T20:04:19.981813,FewClouds,0.007302609170966126
2021-03-24T20:04:24.988445,Snow,0.003651304585483063
2021-03-24T20:04:29.982217,Thunderstorm,9.128261463707657E-5
2021-03-24T20:04:34.985757,BrokenClouds,0.0027384784391122964
2021-03-24T20:04:39.975940,BrokenClouds,0.0027384784391122964
2021-03-24T20:04:44.988203,Rain,0.0018256522927415314
2021-03-24T20:04:49.993906,BrokenClouds,0.0027384784391122964
2021-03-24T20:04:54.975632,ShowerRain,9.128261463707657E-4
2021-03-24T20:04:59.984555,Snow,0.003651304585483063
2021-03-24T20:05:04.976080,BrokenClouds,0.0027384784391122964
2021-03-24T20:05:09.986948,Rain,0.0018256522927415314
2021-03-24T20:05:14.974073,Mist,4.5641307318538285E-4
2021-03-24T20:05:19.978557,Rain,0.0018256522927415314
2021-03-24T20:05:24.983977,Mist,4.5641307318538285E-4
2021-03-24T20:05:29.982067,Thunderstorm,9.128261463707657E-5
2021-03-24T20:05:34.979667,FewClouds,0.007302609170966126
2021-03-24T20:05:39.976109,FewClouds,0.007302609170966126
2021-03-24T20:05:44.975558,Thunderstorm,9.128261463707657E-5
2021-03-24T20:05:49.980690,Thunderstorm,9.128261463707657E-5
2021-03-24T20:06:00.251665,Snow,0.003651304585483063
2021-03-24T20:06:05.115054,Thunderstorm,9.128261463707657E-5
2021-03-24T20:06:10.124077,Thunderstorm,9.128261463707657E-5
2021-03-24T20:06:15.123047,FewClouds,0.007302609170966126
2021-03-24T20:06:20.160103,ScatteredClouds,0.003651304585483063
2021-03-24T20:06:25.129851,Rain,0.0018256522927415314
2021-03-24T20:06:30.116304,Rain,0.0018256522927415314
2021-03-24T20:06:35.220119,Mist,4.5641307318538285E-4
2021-03-24T20:06:40.128668,BrokenClouds,0.0027384784391122964
2021-03-24T20:06:45.113056,ClearSky,0.009128261463707656
2021-03-24T20:06:59.304104,Rain,0.0018256522927415314
2021-03-24T20:07:04.146027,ScatteredClouds,0.003651304585483063
2021-03-24T20:07:09.149617,Snow,0.003651304585483063
2021-03-24T20:07:14.143208,ClearSky,0.009128261463707656
2021-03-24T20:07:19.153428,ClearSky,0.009128261463707656
2021-03-24T20:07:24.145764,Thunderstorm,9.128261463707657E-5
2021-03-24T20:07:29.167034,Rain,0.0018256522927415314
2021-03-24T20:07:34.140366,Rain,0.0018256522927415314
2021-03-24T20:07:39.146597,ShowerRain,9.128261463707657E-4
2021-03-24T20:09:29.180022,Snow,0.003651304585483063
2021-03-24T20:09:34.036775,ShowerRain,9.128261463707657E-4
2021-03-24T20:09:39.056309,ClearSky,0.009128261463707656
2021-03-24T20:09:44.055207,Rain,0.0018256522927415314
2021-03-24T20:09:49.042065,Mist,4.5641307318538285E-4
2021-03-24T20:09:54.041664,ScatteredClouds,0.003651304585483063
2021-03-24T20:09:59.053246,ScatteredClouds,0.003651304585483063
2021-03-24T20:10:04.048035,ClearSky,0.009128261463707656
2021-03-24T20:10:09.035623,ClearSky,0.009128261463707656
2021-03-24T20:10:14.055133,BrokenClouds,0.0027384784391122964
2021-03-24T20:10:19.052197,ScatteredClouds,0.003651304585483063
2021-03-24T20:10:24.042040,Rain,0.0018256522927415314
2021-03-24T20:10:29.043404,Thunderstorm,9.128261463707657E-5
2021-03-24T20:10:34.049032,Thunderstorm,9.128261463707657E-5
2021-03-24T20:10:39.050925,Thunderstorm,9.128261463707657E-5
2021-03-24T20:10:44.033404,ClearSky,0.009128261463707656
2021-03-24T20:10:49.041029,Snow,0.003651304585483063
2021-03-24T20:10:54.040351,ClearSky,0.009128261463707656
2021-03-24T20:10:59.050033,FewClouds,0.007302609170966126
2021-03-24T20:11:04.045086,Mist,4.5641307318538285E-4
2021-03-24T20:11:09.035241,BrokenClouds,0.0027384784391122964
2021-03-24T20:14:00.082906,Thunderstorm,9.128261463707657E-5
2021-03-24T20:14:04.833,Snow,0.003651304585483063
2021-03-24T20:14:09.836010,BrokenClouds,0.0027384784391122964
2021-03-24T20:14:14.831700,Mist,4.5641307318538285E-4
2021-03-24T20:14:19.862617,ClearSky,0.009128261463707656
2021-03-24T20:14:24.823358,Thunderstorm,9.128261463707657E-5
2021-03-24T20:14:29.825302,BrokenClouds,0.0027384784391122964
2021-03-24T20:14:34.824626,Rain,0.0018256522927415314
2021-03-24T20:14:39.825415,Snow,0.003651304585483063
2021-03-24T20:14:44.827559,ScatteredClouds,0.003651304585483063
2021-03-24T20:14:49.837423,Mist,4.5641307318538285E-4
2021-03-24T20:14:54.821380,Thunderstorm,9.128261463707657E-5
2021-03-24T20:14:59.836216,Snow,0.003651304585483063
2021-03-24T20:15:28.143706,Thunderstorm,9.128261463707657E-5
2021-03-24T20:15:32.950469,Thunderstorm,9.128261463707657E-5
2021-03-24T20:15:37.968424,ScatteredClouds,0.003651304585483063
2021-03-24T20:15:42.956653,ScatteredClouds,0.003651304585483063
2021-03-24T20:15:47.971417,Snow,0.003651304585483063
2021-03-24T20:15:52.964542,ClearSky,0.009128261463707656
2021-03-24T20:15:57.963374,Rain,0.0018256522927415314
2021-03-24T20:16:02.957454,Rain,0.0018256522927415314
2021-03-24T20:16:07.963379,ScatteredClouds,0.003651304585483063
2021-03-24T20:16:12.964084,Thunderstorm,9.128261463707657E-5
2021-03-24T20:16:17.960159,ClearSky,0.009128261463707656
2021-03-24T20:16:22.954420,BrokenClouds,0.0027384784391122964
2021-03-24T20:16:27.951469,Thunderstorm,9.128261463707657E-5
2021-03-24T20:16:32.960384,FewClouds,0.007302609170966126
2021-03-24T20:16:37.960073,BrokenClouds,0.0027384784391122964
2021-03-24T20:16:42.955421,Mist,4.5641307318538285E-4
2021-03-24T20:16:47.953443,Snow,0.003651304585483063
2021-03-24T20:16:52.949644,Mist,4.5641307318538285E-4
2021-03-24T20:16:57.958413,ClearSky,0.009128261463707656
